zone_id,hour_offset,occupancy,hotel_capacity,occupancy_pct,is_raining,hour_of_day
Z01,0,1625,4200,38.7,0,0
Z01,1,1632,4200,38.86,0,1
Z01,2,1649,4200,39.28,0,2
Z01,3,1675,4200,39.89,0,3
Z01,4,1687,4200,40.18,0,4
Z01,5,1713,4200,40.81,0,5
Z01,6,1753,4200,41.75,0,6
Z01,7,1745,4200,41.57,0,7
Z01,8,1726,4200,41.1,0,8
Z01,9,1728,4200,41.15,0,9
Z01,10,1738,4200,41.39,0,10
Z01,11,1741,4200,41.47,0,11
Z01,12,1775,4200,42.27,0,12
Z01,13,1780,4200,42.39,0,13
Z01,14,1821,4200,43.37,0,14
Z01,15,1852,4200,44.11,0,15
Z01,16,1920,4200,45.73,0,16
Z01,17,1995,4200,47.52,0,17
Z01,18,2034,4200,48.43,0,18
Z01,19,2073,4200,49.37,0,19
Z01,20,2112,4200,50.29,1,20
Z01,21,2132,4200,50.78,1,21
Z01,22,2156,4200,51.35,1,22
Z01,23,2181,4200,51.94,1,23
Z01,24,2179,4200,51.9,1,0
Z01,25,2205,4200,52.52,1,1
Z01,26,2224,4200,52.96,1,2
Z01,27,2265,4200,53.95,0,3
Z01,28,2335,4200,55.6,0,4
Z01,29,2369,4200,56.41,0,5
Z01,30,2431,4200,57.88,0,6
Z01,31,2473,4200,58.89,0,7
Z01,32,2511,4200,59.8,0,8
Z01,33,2562,4200,61.02,0,9
Z01,34,2552,4200,60.78,0,10
Z01,35,2555,4200,60.84,0,11
Z01,36,2573,4200,61.27,0,12
Z01,37,2584,4200,61.54,0,13
Z01,38,2602,4200,61.97,0,14
Z01,39,2622,4200,62.44,0,15
Z01,40,2652,4200,63.16,0,16
Z01,41,2737,4200,65.17,0,17
Z01,42,2799,4200,66.66,0,18
Z01,43,2825,4200,67.27,0,19
Z01,44,2850,4200,67.86,0,20
Z01,45,2895,4200,68.95,0,21
Z01,46,2940,4200,70.02,0,22
Z01,47,2984,4200,71.07,0,23
Z01,48,3017,4200,71.84,0,0
Z01,49,3053,4200,72.71,0,1
Z01,50,3099,4200,73.8,0,2
Z01,51,3144,4200,74.87,0,3
Z01,52,3160,4200,75.24,0,4
Z01,53,3203,4200,76.28,0,5
Z01,54,3238,4200,77.1,0,6
Z01,55,3282,4200,78.15,0,7
Z01,56,3360,4200,80.01,0,8
Z01,57,3402,4200,81.02,0,9
Z01,58,3389,4200,80.71,0,10
Z01,59,3402,4200,81.01,0,11
Z01,60,3415,4200,81.33,1,12
Z01,61,3435,4200,81.8,1,13
Z01,62,3464,4200,82.48,1,14
Z01,63,3518,4200,83.76,1,15
Z01,64,3533,4200,84.14,1,16
Z01,65,3594,4200,85.58,0,17
Z01,66,3637,4200,86.61,0,18
Z01,67,3699,4200,88.08,0,19
Z01,68,3739,4200,89.04,0,20
Z01,69,3783,4200,90.09,0,21
Z01,70,3827,4200,91.14,0,22
Z01,71,3875,4200,92.27,0,23
Z01,72,3922,4200,93.39,0,0
Z01,73,3943,4200,93.89,0,1
Z01,74,3985,4200,94.89,0,2
Z01,75,4019,4200,95.71,0,3
Z01,76,4049,4200,96.41,0,4
Z01,77,4093,4200,97.46,0,5
Z01,78,4135,4200,98.47,0,6
Z01,79,4200,4200,100.0,0,7
Z01,80,4200,4200,100.0,0,8
Z01,81,4200,4200,100.0,0,9
Z01,82,4179,4200,99.5,0,10
Z01,83,4188,4200,99.72,0,11
Z01,84,4200,4200,100.0,0,12
Z01,85,4195,4200,99.89,0,13
Z01,86,4196,4200,99.92,0,14
Z01,87,4200,4200,100.0,0,15
Z01,88,4200,4200,100.0,0,16
Z01,89,4200,4200,100.0,0,17
Z01,90,4200,4200,100.0,0,18
Z01,91,4200,4200,100.0,0,19
Z01,92,4200,4200,100.0,0,20
Z01,93,4200,4200,100.0,0,21
Z01,94,4200,4200,100.0,0,22
Z01,95,4200,4200,100.0,0,23
Z01,96,4200,4200,100.0,1,0
Z01,97,4200,4200,100.0,1,1
Z01,98,4200,4200,100.0,1,2
Z01,99,4200,4200,100.0,1,3
Z01,100,4200,4200,100.0,1,4
Z01,101,4200,4200,100.0,1,5
Z01,102,4200,4200,100.0,1,6
Z01,103,4200,4200,100.0,1,7
Z01,104,4200,4200,100.0,0,8
Z01,105,4200,4200,100.0,0,9
Z01,106,4168,4200,99.24,0,10
Z01,107,4162,4200,99.12,0,11
Z01,108,4172,4200,99.36,0,12
Z01,109,4200,4200,100.0,0,13
Z01,110,4200,4200,100.0,0,14
Z01,111,4200,4200,100.0,0,15
Z01,112,4200,4200,100.0,0,16
Z01,113,4200,4200,100.0,0,17
Z01,114,4200,4200,100.0,0,18
Z01,115,4200,4200,100.0,0,19
Z01,116,4200,4200,100.0,0,20
Z01,117,4200,4200,100.0,0,21
Z01,118,4200,4200,100.0,0,22
Z01,119,4200,4200,100.0,0,23
Z01,120,4200,4200,100.0,0,0
Z01,121,4196,4200,99.91,0,1
Z01,122,4200,4200,100.0,0,2
Z01,123,4200,4200,100.0,0,3
Z01,124,4200,4200,100.0,0,4
Z01,125,4200,4200,100.0,0,5
Z01,126,4200,4200,100.0,0,6
Z01,127,4200,4200,100.0,0,7
Z01,128,4199,4200,99.98,0,8
Z01,129,4200,4200,100.0,0,9
Z01,130,4170,4200,99.29,0,10
Z01,131,4168,4200,99.25,0,11
Z01,132,4185,4200,99.66,0,12
Z01,133,4200,4200,100.0,0,13
Z01,134,4200,4200,100.0,0,14
Z01,135,4200,4200,100.0,0,15
Z01,136,4200,4200,100.0,0,16
Z01,137,4200,4200,100.0,0,17
Z01,138,4200,4200,100.0,0,18
Z01,139,4200,4200,100.0,0,19
Z01,140,4200,4200,100.0,0,20
Z01,141,4200,4200,100.0,0,21
Z01,142,4194,4200,99.86,0,22
Z01,143,4200,4200,100.0,0,23
Z01,144,4200,4200,100.0,0,0
Z02,0,699,3100,22.55,0,0
Z02,1,698,3100,22.52,0,1
Z02,2,706,3100,22.79,0,2
Z02,3,716,3100,23.11,0,3
Z02,4,730,3100,23.58,0,4
Z02,5,744,3100,24.01,0,5
Z02,6,740,3100,23.89,0,6
Z02,7,741,3100,23.91,0,7
Z02,8,742,3100,23.96,0,8
Z02,9,753,3100,24.3,0,9
Z02,10,758,3100,24.46,0,10
Z02,11,768,3100,24.8,0,11
Z02,12,777,3100,25.09,0,12
Z02,13,806,3100,26.01,0,13
Z02,14,831,3100,26.81,0,14
Z02,15,848,3100,27.36,0,15
Z02,16,891,3100,28.75,0,16
Z02,17,928,3100,29.96,0,17
Z02,18,954,3100,30.78,0,18
Z02,19,976,3100,31.51,0,19
Z02,20,994,3100,32.09,1,20
Z02,21,1012,3100,32.65,1,21
Z02,22,1025,3100,33.08,1,22
Z02,23,1038,3100,33.51,1,23
Z02,24,1064,3100,34.33,1,0
Z02,25,1084,3100,34.97,1,1
Z02,26,1095,3100,35.34,1,2
Z02,27,1119,3100,36.13,0,3
Z02,28,1124,3100,36.27,0,4
Z02,29,1141,3100,36.83,0,5
Z02,30,1170,3100,37.76,0,6
Z02,31,1175,3100,37.92,0,7
Z02,32,1171,3100,37.79,0,8
Z02,33,1168,3100,37.7,0,9
Z02,34,1153,3100,37.2,0,10
Z02,35,1145,3100,36.96,0,11
Z02,36,1148,3100,37.06,0,12
Z02,37,1148,3100,37.05,0,13
Z02,38,1168,3100,37.68,0,14
Z02,39,1201,3100,38.77,0,15
Z02,40,1221,3100,39.4,0,16
Z02,41,1266,3100,40.85,0,17
Z02,42,1300,3100,41.97,0,18
Z02,43,1338,3100,43.17,0,19
Z02,44,1355,3100,43.73,0,20
Z02,45,1384,3100,44.66,0,21
Z02,46,1391,3100,44.88,0,22
Z02,47,1416,3100,45.68,0,23
Z02,48,1431,3100,46.17,0,0
Z02,49,1451,3100,46.81,0,1
Z02,50,1453,3100,46.9,0,2
Z02,51,1459,3100,47.08,0,3
Z02,52,1479,3100,47.72,0,4
Z02,53,1482,3100,47.82,0,5
Z02,54,1497,3100,48.29,0,6
Z02,55,1490,3100,48.07,0,7
Z02,56,1502,3100,48.46,0,8
Z02,57,1492,3100,48.16,0,9
Z02,58,1494,3100,48.22,0,10
Z02,59,1502,3100,48.47,0,11
Z02,60,1500,3100,48.4,1,12
Z02,61,1515,3100,48.87,1,13
Z02,62,1530,3100,49.37,1,14
Z02,63,1541,3100,49.72,1,15
Z02,64,1550,3100,50.0,1,16
Z02,65,1562,3100,50.39,0,17
Z02,66,1596,3100,51.51,0,18
Z02,67,1610,3100,51.94,0,19
Z02,68,1636,3100,52.79,0,20
Z02,69,1656,3100,53.42,0,21
Z02,70,1682,3100,54.27,0,22
Z02,71,1694,3100,54.67,0,23
Z02,72,1705,3100,55.0,0,0
Z02,73,1726,3100,55.69,0,1
Z02,74,1744,3100,56.26,0,2
Z02,75,1761,3100,56.84,0,3
Z02,76,1780,3100,57.44,0,4
Z02,77,1777,3100,57.35,0,5
Z02,78,1795,3100,57.92,0,6
Z02,79,1808,3100,58.33,0,7
Z02,80,1801,3100,58.13,0,8
Z02,81,1802,3100,58.14,0,9
Z02,82,1797,3100,57.99,0,10
Z02,83,1796,3100,57.97,0,11
Z02,84,1807,3100,58.29,0,12
Z02,85,1834,3100,59.19,0,13
Z02,86,1865,3100,60.17,0,14
Z02,87,1877,3100,60.56,0,15
Z02,88,1912,3100,61.68,0,16
Z02,89,1955,3100,63.09,0,17
Z02,90,1989,3100,64.17,0,18
Z02,91,2027,3100,65.41,0,19
Z02,92,2072,3100,66.85,0,20
Z02,93,2103,3100,67.86,0,21
Z02,94,2124,3100,68.54,0,22
Z02,95,2152,3100,69.42,0,23
Z02,96,2162,3100,69.77,1,0
Z02,97,2172,3100,70.09,1,1
Z02,98,2179,3100,70.3,1,2
Z02,99,2205,3100,71.13,1,3
Z02,100,2206,3100,71.19,1,4
Z02,101,2231,3100,71.98,1,5
Z02,102,2244,3100,72.4,1,6
Z02,103,2236,3100,72.14,1,7
Z02,104,2246,3100,72.46,0,8
Z02,105,2231,3100,71.98,0,9
Z02,106,2233,3100,72.05,0,10
Z02,107,2243,3100,72.37,0,11
Z02,108,2245,3100,72.43,0,12
Z02,109,2260,3100,72.93,0,13
Z02,110,2301,3100,74.23,0,14
Z02,111,2322,3100,74.92,0,15
Z02,112,2341,3100,75.55,0,16
Z02,113,2388,3100,77.04,0,17
Z02,114,2438,3100,78.66,0,18
Z02,115,2466,3100,79.58,0,19
Z02,116,2501,3100,80.7,0,20
Z02,117,2536,3100,81.81,0,21
Z02,118,2546,3100,82.15,0,22
Z02,119,2554,3100,82.39,0,23
Z02,120,2576,3100,83.1,0,0
Z02,121,2602,3100,83.96,0,1
Z02,122,2618,3100,84.46,0,2
Z02,123,2619,3100,84.49,0,3
Z02,124,2647,3100,85.4,0,4
Z02,125,2648,3100,85.43,0,5
Z02,126,2648,3100,85.44,0,6
Z02,127,2651,3100,85.54,0,7
Z02,128,2664,3100,85.94,0,8
Z02,129,2668,3100,86.09,0,9
Z02,130,2670,3100,86.16,0,10
Z02,131,2677,3100,86.38,0,11
Z02,132,2686,3100,86.66,0,12
Z02,133,2706,3100,87.31,0,13
Z02,134,2701,3100,87.16,0,14
Z02,135,2724,3100,87.88,0,15
Z02,136,2755,3100,88.88,0,16
Z02,137,2773,3100,89.47,0,17
Z02,138,2806,3100,90.52,0,18
Z02,139,2830,3100,91.3,0,19
Z02,140,2869,3100,92.58,0,20
Z02,141,2903,3100,93.68,0,21
Z02,142,2914,3100,94.02,0,22
Z02,143,2926,3100,94.4,0,23
Z02,144,2936,3100,94.72,0,0
Z03,0,748,2400,31.2,0,0
Z03,1,758,2400,31.61,0,1
Z03,2,760,2400,31.71,0,2
Z03,3,760,2400,31.67,0,3
Z03,4,771,2400,32.16,0,4
Z03,5,781,2400,32.58,0,5
Z03,6,778,2400,32.45,0,6
Z03,7,785,2400,32.74,0,7
Z03,8,778,2400,32.45,0,8
Z03,9,778,2400,32.42,0,9
Z03,10,783,2400,32.63,0,10
Z03,11,785,2400,32.71,0,11
Z03,12,795,2400,33.13,0,12
Z03,13,802,2400,33.44,0,13
Z03,14,817,2400,34.05,0,14
Z03,15,835,2400,34.82,0,15
Z03,16,852,2400,35.53,0,16
Z03,17,875,2400,36.47,0,17
Z03,18,887,2400,36.96,0,18
Z03,19,905,2400,37.72,0,19
Z03,20,915,2400,38.13,1,20
Z03,21,923,2400,38.49,1,21
Z03,22,931,2400,38.81,1,22
Z03,23,939,2400,39.16,1,23
Z03,24,951,2400,39.64,1,0
Z03,25,966,2400,40.26,1,1
Z03,26,969,2400,40.41,1,2
Z03,27,974,2400,40.62,0,3
Z03,28,980,2400,40.87,0,4
Z03,29,990,2400,41.27,0,5
Z03,30,999,2400,41.64,0,6
Z03,31,1002,2400,41.77,0,7
Z03,32,999,2400,41.63,0,8
Z03,33,1001,2400,41.73,0,9
Z03,34,998,2400,41.61,0,10
Z03,35,1003,2400,41.79,0,11
Z03,36,1003,2400,41.81,0,12
Z03,37,1010,2400,42.1,0,13
Z03,38,1018,2400,42.42,0,14
Z03,39,1036,2400,43.21,0,15
Z03,40,1052,2400,43.85,0,16
Z03,41,1080,2400,45.01,0,17
Z03,42,1089,2400,45.4,0,18
Z03,43,1108,2400,46.17,0,19
Z03,44,1129,2400,47.07,0,20
Z03,45,1147,2400,47.82,0,21
Z03,46,1183,2400,49.3,0,22
Z03,47,1199,2400,49.98,0,23
Z03,48,1203,2400,50.16,0,0
Z03,49,1215,2400,50.66,0,1
Z03,50,1215,2400,50.64,0,2
Z03,51,1228,2400,51.18,0,3
Z03,52,1235,2400,51.48,0,4
Z03,53,1255,2400,52.31,0,5
Z03,54,1262,2400,52.62,0,6
Z03,55,1271,2400,52.96,0,7
Z03,56,1273,2400,53.07,0,8
Z03,57,1294,2400,53.92,0,9
Z03,58,1290,2400,53.77,0,10
Z03,59,1307,2400,54.5,0,11
Z03,60,1319,2400,54.98,1,12
Z03,61,1332,2400,55.51,1,13
Z03,62,1347,2400,56.15,1,14
Z03,63,1365,2400,56.92,1,15
Z03,64,1368,2400,57.03,1,16
Z03,65,1396,2400,58.21,0,17
Z03,66,1434,2400,59.76,0,18
Z03,67,1462,2400,60.95,0,19
Z03,68,1478,2400,61.62,0,20
Z03,69,1503,2400,62.63,0,21
Z03,70,1538,2400,64.11,0,22
Z03,71,1559,2400,64.97,0,23
Z03,72,1569,2400,65.38,0,0
Z03,73,1587,2400,66.16,0,1
Z03,74,1597,2400,66.55,0,2
Z03,75,1596,2400,66.53,0,3
Z03,76,1602,2400,66.76,0,4
Z03,77,1626,2400,67.76,0,5
Z03,78,1634,2400,68.11,0,6
Z03,79,1640,2400,68.36,0,7
Z03,80,1644,2400,68.5,0,8
Z03,81,1663,2400,69.33,0,9
Z03,82,1672,2400,69.68,0,10
Z03,83,1689,2400,70.39,0,11
Z03,84,1693,2400,70.55,0,12
Z03,85,1705,2400,71.06,0,13
Z03,86,1708,2400,71.21,0,14
Z03,87,1739,2400,72.48,0,15
Z03,88,1752,2400,73.04,0,16
Z03,89,1778,2400,74.1,0,17
Z03,90,1793,2400,74.73,0,18
Z03,91,1810,2400,75.46,0,19
Z03,92,1824,2400,76.02,0,20
Z03,93,1837,2400,76.56,0,21
Z03,94,1849,2400,77.05,0,22
Z03,95,1859,2400,77.5,0,23
Z03,96,1874,2400,78.12,1,0
Z03,97,1875,2400,78.14,1,1
Z03,98,1886,2400,78.6,1,2
Z03,99,1905,2400,79.41,1,3
Z03,100,1912,2400,79.67,1,4
Z03,101,1916,2400,79.86,1,5
Z03,102,1924,2400,80.18,1,6
Z03,103,1941,2400,80.9,1,7
Z03,104,1954,2400,81.44,0,8
Z03,105,1962,2400,81.75,0,9
Z03,106,1965,2400,81.88,0,10
Z03,107,1961,2400,81.71,0,11
Z03,108,1976,2400,82.36,0,12
Z03,109,1996,2400,83.18,0,13
Z03,110,2016,2400,84.01,0,14
Z03,111,2036,2400,84.87,0,15
Z03,112,2061,2400,85.88,0,16
Z03,113,2098,2400,87.44,0,17
Z03,114,2141,2400,89.23,0,18
Z03,115,2168,2400,90.35,0,19
Z03,116,2201,2400,91.71,0,20
Z03,117,2211,2400,92.14,0,21
Z03,118,2230,2400,92.95,0,22
Z03,119,2236,2400,93.19,0,23
Z03,120,2234,2400,93.12,0,0
Z03,121,2233,2400,93.06,0,1
Z03,122,2234,2400,93.1,0,2
Z03,123,2242,2400,93.45,0,3
Z03,124,2247,2400,93.63,0,4
Z03,125,2234,2400,93.1,0,5
Z03,126,2220,2400,92.51,0,6
Z03,127,2215,2400,92.3,0,7
Z03,128,2216,2400,92.35,0,8
Z03,129,2192,2400,91.36,0,9
Z03,130,2187,2400,91.14,0,10
Z03,131,2185,2400,91.06,0,11
Z03,132,2202,2400,91.78,0,12
Z03,133,2211,2400,92.13,0,13
Z03,134,2230,2400,92.92,0,14
Z03,135,2250,2400,93.78,0,15
Z03,136,2256,2400,94.02,0,16
Z03,137,2285,2400,95.23,0,17
Z03,138,2309,2400,96.22,0,18
Z03,139,2333,2400,97.23,0,19
Z03,140,2380,2400,99.21,0,20
Z03,141,2379,2400,99.14,0,21
Z03,142,2400,2400,100.0,0,22
Z03,143,2400,2400,100.0,0,23
Z03,144,2400,2400,100.0,0,0
Z04,0,617,1800,34.3,0,0
Z04,1,620,1800,34.47,0,1
Z04,2,622,1800,34.6,0,2
Z04,3,629,1800,34.99,0,3
Z04,4,625,1800,34.76,0,4
Z04,5,633,1800,35.18,0,5
Z04,6,632,1800,35.13,0,6
Z04,7,625,1800,34.73,0,7
Z04,8,620,1800,34.45,0,8
Z04,9,624,1800,34.68,0,9
Z04,10,619,1800,34.41,0,10
Z04,11,622,1800,34.57,0,11
Z04,12,622,1800,34.57,0,12
Z04,13,634,1800,35.26,0,13
Z04,14,650,1800,36.13,0,14
Z04,15,675,1800,37.53,0,15
Z04,16,691,1800,38.4,0,16
Z04,17,712,1800,39.59,0,17
Z04,18,730,1800,40.57,0,18
Z04,19,753,1800,41.85,0,19
Z04,20,757,1800,42.09,1,20
Z04,21,769,1800,42.73,1,21
Z04,22,774,1800,43.01,1,22
Z04,23,779,1800,43.29,1,23
Z04,24,784,1800,43.59,1,0
Z04,25,790,1800,43.94,1,1
Z04,26,795,1800,44.18,1,2
Z04,27,804,1800,44.69,0,3
Z04,28,821,1800,45.62,0,4
Z04,29,833,1800,46.32,0,5
Z04,30,844,1800,46.89,0,6
Z04,31,844,1800,46.92,0,7
Z04,32,840,1800,46.72,0,8
Z04,33,847,1800,47.07,0,9
Z04,34,849,1800,47.18,0,10
Z04,35,857,1800,47.63,0,11
Z04,36,857,1800,47.63,0,12
Z04,37,863,1800,47.97,0,13
Z04,38,865,1800,48.06,0,14
Z04,39,877,1800,48.72,0,15
Z04,40,899,1800,49.95,0,16
Z04,41,913,1800,50.76,0,17
Z04,42,934,1800,51.9,0,18
Z04,43,948,1800,52.69,0,19
Z04,44,963,1800,53.54,0,20
Z04,45,968,1800,53.81,0,21
Z04,46,978,1800,54.38,0,22
Z04,47,970,1800,53.9,0,23
Z04,48,976,1800,54.25,0,0
Z04,49,974,1800,54.14,0,1
Z04,50,989,1800,54.95,0,2
Z04,51,1001,1800,55.63,0,3
Z04,52,1011,1800,56.19,0,4
Z04,53,1026,1800,57.03,0,5
Z04,54,1025,1800,57.0,0,6
Z04,55,1038,1800,57.71,0,7
Z04,56,1045,1800,58.07,0,8
Z04,57,1044,1800,58.03,0,9
Z04,58,1048,1800,58.25,0,10
Z04,59,1042,1800,57.91,0,11
Z04,60,1040,1800,57.78,1,12
Z04,61,1041,1800,57.86,1,13
Z04,62,1045,1800,58.1,1,14
Z04,63,1048,1800,58.28,1,15
Z04,64,1066,1800,59.26,1,16
Z04,65,1083,1800,60.19,0,17
Z04,66,1103,1800,61.29,0,18
Z04,67,1116,1800,62.02,0,19
Z04,68,1120,1800,62.24,0,20
Z04,69,1134,1800,63.01,0,21
Z04,70,1133,1800,63.0,0,22
Z04,71,1141,1800,63.44,0,23
Z04,72,1141,1800,63.4,0,0
Z04,73,1160,1800,64.45,0,1
Z04,74,1173,1800,65.17,0,2
Z04,75,1181,1800,65.63,0,3
Z04,76,1196,1800,66.44,0,4
Z04,77,1197,1800,66.53,0,5
Z04,78,1205,1800,66.98,0,6
Z04,79,1209,1800,67.2,0,7
Z04,80,1212,1800,67.34,0,8
Z04,81,1220,1800,67.78,0,9
Z04,82,1221,1800,67.85,0,10
Z04,83,1222,1800,67.93,0,11
Z04,84,1216,1800,67.6,0,12
Z04,85,1218,1800,67.7,0,13
Z04,86,1229,1800,68.28,0,14
Z04,87,1243,1800,69.11,0,15
Z04,88,1253,1800,69.66,0,16
Z04,89,1285,1800,71.4,0,17
Z04,90,1311,1800,72.83,0,18
Z04,91,1330,1800,73.9,0,19
Z04,92,1344,1800,74.69,0,20
Z04,93,1354,1800,75.28,0,21
Z04,94,1359,1800,75.54,0,22
Z04,95,1369,1800,76.08,0,23
Z04,96,1375,1800,76.44,1,0
Z04,97,1373,1800,76.32,1,1
Z04,98,1381,1800,76.73,1,2
Z04,99,1385,1800,76.98,1,3
Z04,100,1379,1800,76.66,1,4
Z04,101,1379,1800,76.65,1,5
Z04,102,1381,1800,76.74,1,6
Z04,103,1394,1800,77.49,1,7
Z04,104,1400,1800,77.81,0,8
Z04,105,1395,1800,77.5,0,9
Z04,106,1394,1800,77.5,0,10
Z04,107,1386,1800,77.01,0,11
Z04,108,1396,1800,77.58,0,12
Z04,109,1401,1800,77.88,0,13
Z04,110,1413,1800,78.5,0,14
Z04,111,1435,1800,79.76,0,15
Z04,112,1445,1800,80.31,0,16
Z04,113,1455,1800,80.87,0,17
Z04,114,1470,1800,81.67,0,18
Z04,115,1492,1800,82.9,0,19
Z04,116,1497,1800,83.19,0,20
Z04,117,1492,1800,82.94,0,21
Z04,118,1500,1800,83.35,0,22
Z04,119,1510,1800,83.9,0,23
Z04,120,1522,1800,84.58,0,0
Z04,121,1525,1800,84.72,0,1
Z04,122,1527,1800,84.88,0,2
Z04,123,1539,1800,85.53,0,3
Z04,124,1533,1800,85.18,0,4
Z04,125,1534,1800,85.23,0,5
Z04,126,1536,1800,85.36,0,6
Z04,127,1538,1800,85.46,0,7
Z04,128,1532,1800,85.16,0,8
Z04,129,1530,1800,85.01,0,9
Z04,130,1513,1800,84.11,0,10
Z04,131,1510,1800,83.94,0,11
Z04,132,1517,1800,84.33,0,12
Z04,133,1520,1800,84.46,0,13
Z04,134,1532,1800,85.12,0,14
Z04,135,1549,1800,86.06,0,15
Z04,136,1563,1800,86.86,0,16
Z04,137,1581,1800,87.87,0,17
Z04,138,1592,1800,88.47,0,18
Z04,139,1606,1800,89.23,0,19
Z04,140,1622,1800,90.13,0,20
Z04,141,1633,1800,90.76,0,21
Z04,142,1638,1800,91.04,0,22
Z04,143,1647,1800,91.51,0,23
Z04,144,1657,1800,92.06,0,0
Z05,0,512,2900,17.66,0,0
Z05,1,531,2900,18.34,0,1
Z05,2,537,2900,18.54,0,2
Z05,3,550,2900,18.97,0,3
Z05,4,568,2900,19.6,0,4
Z05,5,561,2900,19.35,0,5
Z05,6,556,2900,19.2,0,6
Z05,7,552,2900,19.07,0,7
Z05,8,541,2900,18.68,0,8
Z05,9,553,2900,19.07,0,9
Z05,10,542,2900,18.7,0,10
Z05,11,538,2900,18.56,0,11
Z05,12,547,2900,18.87,0,12
Z05,13,549,2900,18.93,0,13
Z05,14,564,2900,19.46,0,14
Z05,15,590,2900,20.38,0,15
Z05,16,615,2900,21.21,0,16
Z05,17,643,2900,22.17,0,17
Z05,18,666,2900,22.98,0,18
Z05,19,678,2900,23.39,0,19
Z05,20,695,2900,23.98,1,20
Z05,21,724,2900,24.97,1,21
Z05,22,735,2900,25.35,1,22
Z05,23,747,2900,25.77,1,23
Z05,24,762,2900,26.29,1,0
Z05,25,759,2900,26.2,1,1
Z05,26,785,2900,27.08,1,2
Z05,27,803,2900,27.69,0,3
Z05,28,833,2900,28.75,0,4
Z05,29,841,2900,29.02,0,5
Z05,30,870,2900,30.03,0,6
Z05,31,887,2900,30.59,0,7
Z05,32,898,2900,30.98,0,8
Z05,33,905,2900,31.24,0,9
Z05,34,897,2900,30.94,0,10
Z05,35,906,2900,31.27,0,11
Z05,36,912,2900,31.48,0,12
Z05,37,905,2900,31.24,0,13
Z05,38,913,2900,31.49,0,14
Z05,39,934,2900,32.21,0,15
Z05,40,963,2900,33.22,0,16
Z05,41,990,2900,34.17,0,17
Z05,42,1029,2900,35.51,0,18
Z05,43,1036,2900,35.76,0,19
Z05,44,1060,2900,36.58,0,20
Z05,45,1063,2900,36.67,0,21
Z05,46,1087,2900,37.5,0,22
Z05,47,1101,2900,38.0,0,23
Z05,48,1119,2900,38.6,0,0
Z05,49,1125,2900,38.8,0,1
Z05,50,1151,2900,39.72,0,2
Z05,51,1176,2900,40.56,0,3
Z05,52,1196,2900,41.25,0,4
Z05,53,1208,2900,41.68,0,5
Z05,54,1225,2900,42.25,0,6
Z05,55,1226,2900,42.3,0,7
Z05,56,1240,2900,42.76,0,8
Z05,57,1260,2900,43.45,0,9
Z05,58,1264,2900,43.62,0,10
Z05,59,1258,2900,43.38,0,11
Z05,60,1265,2900,43.63,1,12
Z05,61,1261,2900,43.49,1,13
Z05,62,1278,2900,44.09,1,14
Z05,63,1298,2900,44.76,1,15
Z05,64,1298,2900,44.77,1,16
Z05,65,1317,2900,45.45,0,17
Z05,66,1345,2900,46.39,0,18
Z05,67,1370,2900,47.26,0,19
Z05,68,1384,2900,47.74,0,20
Z05,69,1410,2900,48.63,0,21
Z05,70,1432,2900,49.38,0,22
Z05,71,1445,2900,49.83,0,23
Z05,72,1451,2900,50.04,0,0
Z05,73,1474,2900,50.86,0,1
Z05,74,1504,2900,51.89,0,2
Z05,75,1515,2900,52.25,0,3
Z05,76,1524,2900,52.56,0,4
Z05,77,1542,2900,53.19,0,5
Z05,78,1550,2900,53.47,0,6
Z05,79,1557,2900,53.7,0,7
Z05,80,1569,2900,54.12,0,8
Z05,81,1556,2900,53.66,0,9
Z05,82,1562,2900,53.87,0,10
Z05,83,1561,2900,53.85,0,11
Z05,84,1562,2900,53.89,0,12
Z05,85,1573,2900,54.26,0,13
Z05,86,1590,2900,54.86,0,14
Z05,87,1597,2900,55.09,0,15
Z05,88,1638,2900,56.49,0,16
Z05,89,1667,2900,57.49,0,17
Z05,90,1699,2900,58.6,0,18
Z05,91,1734,2900,59.8,0,19
Z05,92,1748,2900,60.29,0,20
Z05,93,1773,2900,61.15,0,21
Z05,94,1789,2900,61.69,0,22
Z05,95,1813,2900,62.55,0,23
Z05,96,1803,2900,62.19,1,0
Z05,97,1812,2900,62.51,1,1
Z05,98,1817,2900,62.68,1,2
Z05,99,1832,2900,63.19,1,3
Z05,100,1847,2900,63.72,1,4
Z05,101,1851,2900,63.85,1,5
Z05,102,1854,2900,63.95,1,6
Z05,103,1860,2900,64.17,1,7
Z05,104,1861,2900,64.2,0,8
Z05,105,1878,2900,64.77,0,9
Z05,106,1868,2900,64.45,0,10
Z05,107,1841,2900,63.5,0,11
Z05,108,1844,2900,63.6,0,12
Z05,109,1847,2900,63.72,0,13
Z05,110,1852,2900,63.87,0,14
Z05,111,1865,2900,64.33,0,15
Z05,112,1895,2900,65.35,0,16
Z05,113,1937,2900,66.82,0,17
Z05,114,1970,2900,67.95,0,18
Z05,115,1992,2900,68.7,0,19
Z05,116,2020,2900,69.68,0,20
Z05,117,2036,2900,70.24,0,21
Z05,118,2048,2900,70.62,0,22
Z05,119,2047,2900,70.61,0,23
Z05,120,2039,2900,70.33,0,0
Z05,121,2044,2900,70.49,0,1
Z05,122,2053,2900,70.82,0,2
Z05,123,2060,2900,71.06,0,3
Z05,124,2063,2900,71.17,0,4
Z05,125,2060,2900,71.04,0,5
Z05,126,2067,2900,71.31,0,6
Z05,127,2054,2900,70.84,0,7
Z05,128,2057,2900,70.95,0,8
Z05,129,2043,2900,70.46,0,9
Z05,130,2033,2900,70.12,0,10
Z05,131,2021,2900,69.7,0,11
Z05,132,2023,2900,69.77,0,12
Z05,133,2045,2900,70.53,0,13
Z05,134,2068,2900,71.34,0,14
Z05,135,2101,2900,72.46,0,15
Z05,136,2132,2900,73.54,0,16
Z05,137,2149,2900,74.14,0,17
Z05,138,2173,2900,74.95,0,18
Z05,139,2190,2900,75.53,0,19
Z05,140,2223,2900,76.66,0,20
Z05,141,2228,2900,76.85,0,21
Z05,142,2250,2900,77.61,0,22
Z05,143,2270,2900,78.3,0,23
Z05,144,2296,2900,79.2,0,0
Z06,0,939,3600,26.09,0,0
Z06,1,955,3600,26.54,0,1
Z06,2,989,3600,27.48,0,2
Z06,3,989,3600,27.48,0,3
Z06,4,977,3600,27.15,0,4
Z06,5,959,3600,26.65,0,5
Z06,6,967,3600,26.87,0,6
Z06,7,941,3600,26.14,0,7
Z06,8,928,3600,25.8,0,8
Z06,9,924,3600,25.69,0,9
Z06,10,920,3600,25.57,0,10
Z06,11,923,3600,25.66,0,11
Z06,12,931,3600,25.88,0,12
Z06,13,959,3600,26.64,0,13
Z06,14,967,3600,26.88,0,14
Z06,15,985,3600,27.37,0,15
Z06,16,1006,3600,27.95,0,16
Z06,17,1046,3600,29.08,0,17
Z06,18,1087,3600,30.2,0,18
Z06,19,1119,3600,31.1,0,19
Z06,20,1147,3600,31.87,1,20
Z06,21,1145,3600,31.82,1,21
Z06,22,1174,3600,32.61,1,22
Z06,23,1199,3600,33.33,1,23
Z06,24,1214,3600,33.74,1,0
Z06,25,1241,3600,34.49,1,1
Z06,26,1229,3600,34.15,1,2
Z06,27,1233,3600,34.28,0,3
Z06,28,1235,3600,34.31,0,4
Z06,29,1251,3600,34.75,0,5
Z06,30,1243,3600,34.54,0,6
Z06,31,1252,3600,34.79,0,7
Z06,32,1264,3600,35.14,0,8
Z06,33,1268,3600,35.24,0,9
Z06,34,1263,3600,35.1,0,10
Z06,35,1249,3600,34.71,0,11
Z06,36,1244,3600,34.56,0,12
Z06,37,1270,3600,35.29,0,13
Z06,38,1298,3600,36.07,0,14
Z06,39,1322,3600,36.75,0,15
Z06,40,1347,3600,37.42,0,16
Z06,41,1354,3600,37.63,0,17
Z06,42,1371,3600,38.11,0,18
Z06,43,1420,3600,39.47,0,19
Z06,44,1428,3600,39.69,0,20
Z06,45,1449,3600,40.26,0,21
Z06,46,1476,3600,41.01,0,22
Z06,47,1474,3600,40.96,0,23
Z06,48,1486,3600,41.3,0,0
Z06,49,1507,3600,41.88,0,1
Z06,50,1518,3600,42.17,0,2
Z06,51,1561,3600,43.37,0,3
Z06,52,1551,3600,43.1,0,4
Z06,53,1570,3600,43.63,0,5
Z06,54,1572,3600,43.69,0,6
Z06,55,1581,3600,43.92,0,7
Z06,56,1582,3600,43.96,0,8
Z06,57,1569,3600,43.6,0,9
Z06,58,1564,3600,43.46,0,10
Z06,59,1541,3600,42.81,0,11
Z06,60,1551,3600,43.09,1,12
Z06,61,1562,3600,43.4,1,13
Z06,62,1582,3600,43.95,1,14
Z06,63,1610,3600,44.73,1,15
Z06,64,1633,3600,45.36,1,16
Z06,65,1666,3600,46.29,0,17
Z06,66,1687,3600,46.87,0,18
Z06,67,1707,3600,47.42,0,19
Z06,68,1744,3600,48.46,0,20
Z06,69,1780,3600,49.47,0,21
Z06,70,1794,3600,49.84,0,22
Z06,71,1807,3600,50.21,0,23
Z06,72,1806,3600,50.19,0,0
Z06,73,1830,3600,50.85,0,1
Z06,74,1848,3600,51.35,0,2
Z06,75,1881,3600,52.26,0,3
Z06,76,1880,3600,52.23,0,4
Z06,77,1883,3600,52.31,0,5
Z06,78,1889,3600,52.49,0,6
Z06,79,1897,3600,52.69,0,7
Z06,80,1890,3600,52.52,0,8
Z06,81,1876,3600,52.12,0,9
Z06,82,1878,3600,52.17,0,10
Z06,83,1883,3600,52.33,0,11
Z06,84,1877,3600,52.16,0,12
Z06,85,1905,3600,52.92,0,13
Z06,86,1937,3600,53.83,0,14
Z06,87,1964,3600,54.57,0,15
Z06,88,1994,3600,55.41,0,16
Z06,89,2031,3600,56.44,0,17
Z06,90,2052,3600,57.0,0,18
Z06,91,2079,3600,57.76,0,19
Z06,92,2077,3600,57.72,0,20
Z06,93,2107,3600,58.53,0,21
Z06,94,2104,3600,58.47,0,22
Z06,95,2135,3600,59.32,0,23
Z06,96,2138,3600,59.41,1,0
Z06,97,2143,3600,59.53,1,1
Z06,98,2142,3600,59.53,1,2
Z06,99,2146,3600,59.63,1,3
Z06,100,2169,3600,60.27,1,4
Z06,101,2146,3600,59.62,1,5
Z06,102,2164,3600,60.13,1,6
Z06,103,2169,3600,60.26,1,7
Z06,104,2153,3600,59.83,0,8
Z06,105,2138,3600,59.4,0,9
Z06,106,2149,3600,59.72,0,10
Z06,107,2136,3600,59.35,0,11
Z06,108,2128,3600,59.12,0,12
Z06,109,2154,3600,59.83,0,13
Z06,110,2177,3600,60.5,0,14
Z06,111,2192,3600,60.92,0,15
Z06,112,2225,3600,61.82,0,16
Z06,113,2245,3600,62.37,0,17
Z06,114,2288,3600,63.58,0,18
Z06,115,2328,3600,64.69,0,19
Z06,116,2358,3600,65.51,0,20
Z06,117,2381,3600,66.15,0,21
Z06,118,2417,3600,67.14,0,22
Z06,119,2427,3600,67.43,0,23
Z06,120,2421,3600,67.26,0,0
Z06,121,2434,3600,67.62,0,1
Z06,122,2465,3600,68.49,0,2
Z06,123,2460,3600,68.36,0,3
Z06,124,2462,3600,68.4,0,4
Z06,125,2470,3600,68.62,0,5
Z06,126,2469,3600,68.6,0,6
Z06,127,2453,3600,68.15,0,7
Z06,128,2458,3600,68.29,0,8
Z06,129,2476,3600,68.78,0,9
Z06,130,2471,3600,68.66,0,10
Z06,131,2459,3600,68.33,0,11
Z06,132,2447,3600,67.98,0,12
Z06,133,2463,3600,68.42,0,13
Z06,134,2495,3600,69.31,0,14
Z06,135,2526,3600,70.17,0,15
Z06,136,2555,3600,70.98,0,16
Z06,137,2578,3600,71.64,0,17
Z06,138,2595,3600,72.1,0,18
Z06,139,2631,3600,73.1,0,19
Z06,140,2663,3600,73.99,0,20
Z06,141,2663,3600,73.98,0,21
Z06,142,2695,3600,74.87,0,22
Z06,143,2712,3600,75.36,0,23
Z06,144,2736,3600,76.03,0,0
Z07,0,208,1500,13.88,0,0
Z07,1,206,1500,13.75,0,1
Z07,2,210,1500,14.01,0,2
Z07,3,216,1500,14.46,0,3
Z07,4,229,1500,15.28,0,4
Z07,5,235,1500,15.69,0,5
Z07,6,235,1500,15.69,0,6
Z07,7,229,1500,15.32,0,7
Z07,8,233,1500,15.58,0,8
Z07,9,226,1500,15.11,0,9
Z07,10,232,1500,15.53,0,10
Z07,11,232,1500,15.48,0,11
Z07,12,243,1500,16.23,0,12
Z07,13,253,1500,16.89,0,13
Z07,14,262,1500,17.49,0,14
Z07,15,272,1500,18.14,0,15
Z07,16,284,1500,18.96,0,16
Z07,17,301,1500,20.09,0,17
Z07,18,316,1500,21.08,0,18
Z07,19,326,1500,21.79,0,19
Z07,20,333,1500,22.23,1,20
Z07,21,340,1500,22.68,1,21
Z07,22,335,1500,22.38,1,22
Z07,23,343,1500,22.87,1,23
Z07,24,343,1500,22.87,1,0
Z07,25,342,1500,22.83,1,1
Z07,26,339,1500,22.64,1,2
Z07,27,339,1500,22.63,0,3
Z07,28,341,1500,22.77,0,4
Z07,29,346,1500,23.07,0,5
Z07,30,362,1500,24.16,0,6
Z07,31,365,1500,24.34,0,7
Z07,32,369,1500,24.65,0,8
Z07,33,375,1500,25.0,0,9
Z07,34,372,1500,24.81,0,10
Z07,35,370,1500,24.72,0,11
Z07,36,367,1500,24.49,0,12
Z07,37,380,1500,25.34,0,13
Z07,38,397,1500,26.51,0,14
Z07,39,401,1500,26.74,0,15
Z07,40,409,1500,27.31,0,16
Z07,41,422,1500,28.18,0,17
Z07,42,432,1500,28.81,0,18
Z07,43,447,1500,29.85,0,19
Z07,44,455,1500,30.39,0,20
Z07,45,476,1500,31.76,0,21
Z07,46,490,1500,32.73,0,22
Z07,47,500,1500,33.34,0,23
Z07,48,512,1500,34.15,0,0
Z07,49,524,1500,35.0,0,1
Z07,50,530,1500,35.34,0,2
Z07,51,534,1500,35.62,0,3
Z07,52,542,1500,36.17,0,4
Z07,53,554,1500,36.95,0,5
Z07,54,561,1500,37.43,0,6
Z07,55,558,1500,37.25,0,7
Z07,56,558,1500,37.22,0,8
Z07,57,561,1500,37.42,0,9
Z07,58,558,1500,37.24,0,10
Z07,59,568,1500,37.89,0,11
Z07,60,563,1500,37.6,1,12
Z07,61,570,1500,38.06,1,13
Z07,62,584,1500,38.97,1,14
Z07,63,603,1500,40.26,1,15
Z07,64,611,1500,40.77,1,16
Z07,65,630,1500,42.03,0,17
Z07,66,649,1500,43.32,0,18
Z07,67,666,1500,44.42,0,19
Z07,68,680,1500,45.34,0,20
Z07,69,694,1500,46.32,0,21
Z07,70,694,1500,46.27,0,22
Z07,71,704,1500,46.98,0,23
Z07,72,711,1500,47.47,0,0
Z07,73,718,1500,47.87,0,1
Z07,74,735,1500,49.04,0,2
Z07,75,740,1500,49.35,0,3
Z07,76,746,1500,49.74,0,4
Z07,77,763,1500,50.87,0,5
Z07,78,765,1500,51.03,0,6
Z07,79,767,1500,51.16,0,7
Z07,80,769,1500,51.32,0,8
Z07,81,776,1500,51.78,0,9
Z07,82,774,1500,51.63,0,10
Z07,83,767,1500,51.16,0,11
Z07,84,767,1500,51.15,0,12
Z07,85,770,1500,51.34,0,13
Z07,86,778,1500,51.92,0,14
Z07,87,792,1500,52.84,0,15
Z07,88,808,1500,53.88,0,16
Z07,89,814,1500,54.29,0,17
Z07,90,833,1500,55.59,0,18
Z07,91,848,1500,56.57,0,19
Z07,92,867,1500,57.83,0,20
Z07,93,880,1500,58.69,0,21
Z07,94,895,1500,59.68,0,22
Z07,95,906,1500,60.43,0,23
Z07,96,918,1500,61.2,1,0
Z07,97,925,1500,61.73,1,1
Z07,98,931,1500,62.08,1,2
Z07,99,948,1500,63.2,1,3
Z07,100,958,1500,63.89,1,4
Z07,101,966,1500,64.47,1,5
Z07,102,966,1500,64.42,1,6
Z07,103,964,1500,64.3,1,7
Z07,104,971,1500,64.79,0,8
Z07,105,978,1500,65.22,0,9
Z07,106,972,1500,64.85,0,10
Z07,107,973,1500,64.92,0,11
Z07,108,985,1500,65.69,0,12
Z07,109,996,1500,66.43,0,13
Z07,110,1001,1500,66.8,0,14
Z07,111,1015,1500,67.7,0,15
Z07,112,1027,1500,68.51,0,16
Z07,113,1042,1500,69.53,0,17
Z07,114,1058,1500,70.54,0,18
Z07,115,1071,1500,71.44,0,19
Z07,116,1079,1500,71.98,0,20
Z07,117,1091,1500,72.76,0,21
Z07,118,1099,1500,73.31,0,22
Z07,119,1090,1500,72.68,0,23
Z07,120,1103,1500,73.58,0,0
Z07,121,1112,1500,74.18,0,1
Z07,122,1114,1500,74.32,0,2
Z07,123,1118,1500,74.58,0,3
Z07,124,1116,1500,74.43,0,4
Z07,125,1127,1500,75.14,0,5
Z07,126,1137,1500,75.81,0,6
Z07,127,1137,1500,75.81,0,7
Z07,128,1139,1500,75.99,0,8
Z07,129,1138,1500,75.88,0,9
Z07,130,1130,1500,75.35,0,10
Z07,131,1129,1500,75.27,0,11
Z07,132,1133,1500,75.55,0,12
Z07,133,1137,1500,75.84,0,13
Z07,134,1146,1500,76.41,0,14
Z07,135,1157,1500,77.17,0,15
Z07,136,1170,1500,78.05,0,16
Z07,137,1185,1500,79.01,0,17
Z07,138,1193,1500,79.58,0,18
Z07,139,1202,1500,80.17,0,19
Z07,140,1206,1500,80.45,0,20
Z07,141,1220,1500,81.34,0,21
Z07,142,1217,1500,81.13,0,22
Z07,143,1228,1500,81.9,0,23
Z07,144,1239,1500,82.66,0,0
Z08,0,977,2700,36.2,0,0
Z08,1,962,2700,35.66,0,1
Z08,2,967,2700,35.83,0,2
Z08,3,974,2700,36.08,0,3
Z08,4,971,2700,35.99,0,4
Z08,5,971,2700,35.99,0,5
Z08,6,986,2700,36.54,0,6
Z08,7,990,2700,36.69,0,7
Z08,8,978,2700,36.23,0,8
Z08,9,959,2700,35.54,0,9
Z08,10,953,2700,35.31,0,10
Z08,11,952,2700,35.26,0,11
Z08,12,962,2700,35.64,0,12
Z08,13,969,2700,35.9,0,13
Z08,14,990,2700,36.69,0,14
Z08,15,1028,2700,38.1,0,15
Z08,16,1060,2700,39.27,0,16
Z08,17,1085,2700,40.21,0,17
Z08,18,1109,2700,41.07,0,18
Z08,19,1128,2700,41.8,0,19
Z08,20,1150,2700,42.63,1,20
Z08,21,1155,2700,42.8,1,21
Z08,22,1164,2700,43.13,1,22
Z08,23,1172,2700,43.42,1,23
Z08,24,1174,2700,43.49,1,0
Z08,25,1168,2700,43.28,1,1
Z08,26,1177,2700,43.63,1,2
Z08,27,1187,2700,43.98,0,3
Z08,28,1201,2700,44.5,0,4
Z08,29,1204,2700,44.62,0,5
Z08,30,1220,2700,45.22,0,6
Z08,31,1215,2700,45.02,0,7
Z08,32,1230,2700,45.56,0,8
Z08,33,1213,2700,44.96,0,9
Z08,34,1212,2700,44.92,0,10
Z08,35,1216,2700,45.06,0,11
Z08,36,1214,2700,44.99,0,12
Z08,37,1229,2700,45.53,0,13
Z08,38,1256,2700,46.55,0,14
Z08,39,1258,2700,46.62,0,15
Z08,40,1287,2700,47.67,0,16
Z08,41,1291,2700,47.82,0,17
Z08,42,1307,2700,48.42,0,18
Z08,43,1343,2700,49.77,0,19
Z08,44,1358,2700,50.3,0,20
Z08,45,1364,2700,50.53,0,21
Z08,46,1376,2700,50.97,0,22
Z08,47,1405,2700,52.06,0,23
Z08,48,1399,2700,51.83,0,0
Z08,49,1400,2700,51.86,0,1
Z08,50,1423,2700,52.71,0,2
Z08,51,1449,2700,53.67,0,3
Z08,52,1457,2700,53.98,0,4
Z08,53,1454,2700,53.86,0,5
Z08,54,1477,2700,54.72,0,6
Z08,55,1493,2700,55.3,0,7
Z08,56,1498,2700,55.5,0,8
Z08,57,1490,2700,55.19,0,9
Z08,58,1485,2700,55.02,0,10
Z08,59,1484,2700,54.98,0,11
Z08,60,1490,2700,55.21,1,12
Z08,61,1510,2700,55.95,1,13
Z08,62,1528,2700,56.62,1,14
Z08,63,1533,2700,56.78,1,15
Z08,64,1560,2700,57.8,1,16
Z08,65,1589,2700,58.88,0,17
Z08,66,1621,2700,60.05,0,18
Z08,67,1657,2700,61.4,0,19
Z08,68,1668,2700,61.8,0,20
Z08,69,1685,2700,62.43,0,21
Z08,70,1695,2700,62.81,0,22
Z08,71,1693,2700,62.73,0,23
Z08,72,1706,2700,63.19,0,0
Z08,73,1737,2700,64.36,0,1
Z08,74,1731,2700,64.14,0,2
Z08,75,1741,2700,64.49,0,3
Z08,76,1755,2700,65.03,0,4
Z08,77,1764,2700,65.35,0,5
Z08,78,1768,2700,65.51,0,6
Z08,79,1759,2700,65.16,0,7
Z08,80,1760,2700,65.21,0,8
Z08,81,1752,2700,64.92,0,9
Z08,82,1729,2700,64.05,0,10
Z08,83,1739,2700,64.42,0,11
Z08,84,1752,2700,64.91,0,12
Z08,85,1764,2700,65.34,0,13
Z08,86,1782,2700,66.02,0,14
Z08,87,1812,2700,67.14,0,15
Z08,88,1839,2700,68.12,0,16
Z08,89,1872,2700,69.35,0,17
Z08,90,1894,2700,70.18,0,18
Z08,91,1928,2700,71.44,0,19
Z08,92,1951,2700,72.28,0,20
Z08,93,1969,2700,72.95,0,21
Z08,94,1972,2700,73.07,0,22
Z08,95,1987,2700,73.62,0,23
Z08,96,1986,2700,73.59,1,0
Z08,97,1987,2700,73.63,1,1
Z08,98,1987,2700,73.62,1,2
Z08,99,1985,2700,73.53,1,3
Z08,100,2009,2700,74.44,1,4
Z08,101,2027,2700,75.07,1,5
Z08,102,2047,2700,75.84,1,6
Z08,103,2039,2700,75.53,1,7
Z08,104,2040,2700,75.59,0,8
Z08,105,2029,2700,75.18,0,9
Z08,106,2019,2700,74.8,0,10
Z08,107,2011,2700,74.51,0,11
Z08,108,2028,2700,75.12,0,12
Z08,109,2036,2700,75.43,0,13
Z08,110,2063,2700,76.41,0,14
Z08,111,2090,2700,77.42,0,15
Z08,112,2135,2700,79.09,0,16
Z08,113,2149,2700,79.6,0,17
Z08,114,2185,2700,80.96,0,18
Z08,115,2219,2700,82.19,0,19
Z08,116,2230,2700,82.63,0,20
Z08,117,2256,2700,83.57,0,21
Z08,118,2273,2700,84.2,0,22
Z08,119,2281,2700,84.49,0,23
Z08,120,2281,2700,84.5,0,0
Z08,121,2282,2700,84.55,0,1
Z08,122,2308,2700,85.48,0,2
Z08,123,2315,2700,85.75,0,3
Z08,124,2328,2700,86.22,0,4
Z08,125,2325,2700,86.13,0,5
Z08,126,2320,2700,85.93,0,6
Z08,127,2327,2700,86.22,0,7
Z08,128,2311,2700,85.62,0,8
Z08,129,2303,2700,85.31,0,9
Z08,130,2300,2700,85.19,0,10
Z08,131,2301,2700,85.25,0,11
Z08,132,2306,2700,85.41,0,12
Z08,133,2321,2700,85.97,0,13
Z08,134,2343,2700,86.81,0,14
Z08,135,2371,2700,87.83,0,15
Z08,136,2387,2700,88.41,0,16
Z08,137,2410,2700,89.26,0,17
Z08,138,2444,2700,90.55,0,18
Z08,139,2474,2700,91.64,0,19
Z08,140,2480,2700,91.89,0,20
Z08,141,2499,2700,92.56,0,21
Z08,142,2494,2700,92.38,0,22
Z08,143,2505,2700,92.78,0,23
Z08,144,2529,2700,93.68,0,0
Z09,0,504,2100,24.0,0,0
Z09,1,504,2100,24.04,0,1
Z09,2,516,2100,24.58,0,2
Z09,3,511,2100,24.36,0,3
Z09,4,512,2100,24.4,0,4
Z09,5,520,2100,24.77,0,5
Z09,6,517,2100,24.64,0,6
Z09,7,514,2100,24.52,0,7
Z09,8,516,2100,24.62,0,8
Z09,9,516,2100,24.58,0,9
Z09,10,515,2100,24.56,0,10
Z09,11,514,2100,24.49,0,11
Z09,12,521,2100,24.84,0,12
Z09,13,529,2100,25.24,0,13
Z09,14,546,2100,26.01,0,14
Z09,15,559,2100,26.65,0,15
Z09,16,577,2100,27.51,0,16
Z09,17,591,2100,28.16,0,17
Z09,18,610,2100,29.09,0,18
Z09,19,623,2100,29.69,0,19
Z09,20,625,2100,29.8,1,20
Z09,21,635,2100,30.28,1,21
Z09,22,644,2100,30.69,1,22
Z09,23,656,2100,31.25,1,23
Z09,24,658,2100,31.38,1,0
Z09,25,667,2100,31.78,1,1
Z09,26,677,2100,32.24,1,2
Z09,27,689,2100,32.85,0,3
Z09,28,693,2100,33.03,0,4
Z09,29,702,2100,33.48,0,5
Z09,30,712,2100,33.91,0,6
Z09,31,716,2100,34.12,0,7
Z09,32,704,2100,33.56,0,8
Z09,33,707,2100,33.69,0,9
Z09,34,718,2100,34.2,0,10
Z09,35,715,2100,34.05,0,11
Z09,36,713,2100,34.0,0,12
Z09,37,724,2100,34.51,0,13
Z09,38,739,2100,35.21,0,14
Z09,39,763,2100,36.37,0,15
Z09,40,774,2100,36.86,0,16
Z09,41,798,2100,38.04,0,17
Z09,42,822,2100,39.15,0,18
Z09,43,838,2100,39.95,0,19
Z09,44,856,2100,40.8,0,20
Z09,45,876,2100,41.76,0,21
Z09,46,894,2100,42.58,0,22
Z09,47,896,2100,42.69,0,23
Z09,48,910,2100,43.37,0,0
Z09,49,919,2100,43.77,0,1
Z09,50,928,2100,44.23,0,2
Z09,51,938,2100,44.7,0,3
Z09,52,946,2100,45.08,0,4
Z09,53,962,2100,45.85,0,5
Z09,54,968,2100,46.13,0,6
Z09,55,965,2100,45.97,0,7
Z09,56,965,2100,45.95,0,8
Z09,57,968,2100,46.1,0,9
Z09,58,973,2100,46.38,0,10
Z09,59,978,2100,46.62,0,11
Z09,60,976,2100,46.51,1,12
Z09,61,999,2100,47.61,1,13
Z09,62,1010,2100,48.14,1,14
Z09,63,1031,2100,49.1,1,15
Z09,64,1043,2100,49.69,1,16
Z09,65,1070,2100,50.96,0,17
Z09,66,1098,2100,52.32,0,18
Z09,67,1128,2100,53.72,0,19
Z09,68,1154,2100,54.96,0,20
Z09,69,1176,2100,56.04,0,21
Z09,70,1189,2100,56.65,0,22
Z09,71,1194,2100,56.9,0,23
Z09,72,1204,2100,57.38,0,0
Z09,73,1219,2100,58.07,0,1
Z09,74,1226,2100,58.42,0,2
Z09,75,1242,2100,59.19,0,3
Z09,76,1261,2100,60.06,0,4
Z09,77,1262,2100,60.14,0,5
Z09,78,1263,2100,60.16,0,6
Z09,79,1266,2100,60.29,0,7
Z09,80,1269,2100,60.47,0,8
Z09,81,1267,2100,60.36,0,9
Z09,82,1272,2100,60.61,0,10
Z09,83,1275,2100,60.72,0,11
Z09,84,1279,2100,60.91,0,12
Z09,85,1277,2100,60.85,0,13
Z09,86,1281,2100,61.04,0,14
Z09,87,1299,2100,61.9,0,15
Z09,88,1304,2100,62.12,0,16
Z09,89,1331,2100,63.4,0,17
Z09,90,1350,2100,64.29,0,18
Z09,91,1389,2100,66.19,0,19
Z09,92,1421,2100,67.69,0,20
Z09,93,1434,2100,68.29,0,21
Z09,94,1445,2100,68.83,0,22
Z09,95,1463,2100,69.67,0,23
Z09,96,1480,2100,70.49,1,0
Z09,97,1475,2100,70.27,1,1
Z09,98,1470,2100,70.0,1,2
Z09,99,1472,2100,70.12,1,3
Z09,100,1483,2100,70.62,1,4
Z09,101,1492,2100,71.08,1,5
Z09,102,1505,2100,71.67,1,6
Z09,103,1501,2100,71.48,1,7
Z09,104,1490,2100,70.96,0,8
Z09,105,1500,2100,71.44,0,9
Z09,106,1492,2100,71.06,0,10
Z09,107,1480,2100,70.48,0,11
Z09,108,1487,2100,70.82,0,12
Z09,109,1503,2100,71.61,0,13
Z09,110,1518,2100,72.32,0,14
Z09,111,1535,2100,73.12,0,15
Z09,112,1557,2100,74.15,0,16
Z09,113,1578,2100,75.18,0,17
Z09,114,1593,2100,75.89,0,18
Z09,115,1611,2100,76.72,0,19
Z09,116,1634,2100,77.83,0,20
Z09,117,1653,2100,78.75,0,21
Z09,118,1669,2100,79.52,0,22
Z09,119,1669,2100,79.5,0,23
Z09,120,1673,2100,79.68,0,0
Z09,121,1663,2100,79.23,0,1
Z09,122,1670,2100,79.54,0,2
Z09,123,1685,2100,80.25,0,3
Z09,124,1679,2100,79.99,0,4
Z09,125,1679,2100,79.96,0,5
Z09,126,1682,2100,80.12,0,6
Z09,127,1689,2100,80.47,0,7
Z09,128,1683,2100,80.17,0,8
Z09,129,1675,2100,79.78,0,9
Z09,130,1659,2100,79.05,0,10
Z09,131,1661,2100,79.12,0,11
Z09,132,1680,2100,80.0,0,12
Z09,133,1691,2100,80.52,0,13
Z09,134,1704,2100,81.14,0,14
Z09,135,1722,2100,82.03,0,15
Z09,136,1741,2100,82.93,0,16
Z09,137,1755,2100,83.6,0,17
Z09,138,1780,2100,84.77,0,18
Z09,139,1798,2100,85.65,0,19
Z09,140,1813,2100,86.35,0,20
Z09,141,1818,2100,86.6,0,21
Z09,142,1837,2100,87.48,0,22
Z09,143,1849,2100,88.08,0,23
Z09,144,1852,2100,88.21,0,0
Z10,0,330,2000,16.52,0,0
Z10,1,330,2000,16.55,0,1
Z10,2,329,2000,16.49,0,2
Z10,3,328,2000,16.41,0,3
Z10,4,319,2000,15.98,0,4
Z10,5,323,2000,16.2,0,5
Z10,6,311,2000,15.57,0,6
Z10,7,300,2000,15.02,0,7
Z10,8,282,2000,14.1,0,8
Z10,9,275,2000,13.79,0,9
Z10,10,270,2000,13.52,0,10
Z10,11,266,2000,13.34,0,11
Z10,12,262,2000,13.13,0,12
Z10,13,261,2000,13.08,0,13
Z10,14,275,2000,13.75,0,14
Z10,15,285,2000,14.26,0,15
Z10,16,303,2000,15.16,0,16
Z10,17,314,2000,15.71,0,17
Z10,18,331,2000,16.58,0,18
Z10,19,354,2000,17.71,0,19
Z10,20,365,2000,18.27,1,20
Z10,21,368,2000,18.43,1,21
Z10,22,374,2000,18.75,1,22
Z10,23,377,2000,18.86,1,23
Z10,24,379,2000,18.99,1,0
Z10,25,380,2000,19.03,1,1
Z10,26,382,2000,19.11,1,2
Z10,27,387,2000,19.38,0,3
Z10,28,384,2000,19.24,0,4
Z10,29,380,2000,19.02,0,5
Z10,30,371,2000,18.58,0,6
Z10,31,359,2000,17.96,0,7
Z10,32,347,2000,17.36,0,8
Z10,33,343,2000,17.18,0,9
Z10,34,333,2000,16.66,0,10
Z10,35,334,2000,16.73,0,11
Z10,36,337,2000,16.85,0,12
Z10,37,330,2000,16.54,0,13
Z10,38,345,2000,17.27,0,14
Z10,39,364,2000,18.21,0,15
Z10,40,373,2000,18.68,0,16
Z10,41,393,2000,19.65,0,17
Z10,42,403,2000,20.18,0,18
Z10,43,418,2000,20.93,0,19
Z10,44,422,2000,21.12,0,20
Z10,45,420,2000,21.02,0,21
Z10,46,425,2000,21.26,0,22
Z10,47,430,2000,21.52,0,23
Z10,48,432,2000,21.61,0,0
Z10,49,428,2000,21.45,0,1
Z10,50,430,2000,21.53,0,2
Z10,51,436,2000,21.82,0,3
Z10,52,439,2000,21.98,0,4
Z10,53,442,2000,22.14,0,5
Z10,54,438,2000,21.93,0,6
Z10,55,443,2000,22.18,0,7
Z10,56,431,2000,21.6,0,8
Z10,57,430,2000,21.51,0,9
Z10,58,433,2000,21.66,0,10
Z10,59,434,2000,21.73,0,11
Z10,60,434,2000,21.74,1,12
Z10,61,435,2000,21.78,1,13
Z10,62,448,2000,22.43,1,14
Z10,63,448,2000,22.41,1,15
Z10,64,451,2000,22.59,1,16
Z10,65,466,2000,23.31,0,17
Z10,66,490,2000,24.52,0,18
Z10,67,507,2000,25.37,0,19
Z10,68,513,2000,25.67,0,20
Z10,69,521,2000,26.05,0,21
Z10,70,524,2000,26.24,0,22
Z10,71,526,2000,26.31,0,23
Z10,72,536,2000,26.84,0,0
Z10,73,532,2000,26.61,0,1
Z10,74,546,2000,27.34,0,2
Z10,75,556,2000,27.81,0,3
Z10,76,566,2000,28.32,0,4
Z10,77,565,2000,28.28,0,5
Z10,78,564,2000,28.23,0,6
Z10,79,553,2000,27.66,0,7
Z10,80,545,2000,27.28,0,8
Z10,81,543,2000,27.2,0,9
Z10,82,547,2000,27.38,0,10
Z10,83,538,2000,26.94,0,11
Z10,84,538,2000,26.93,0,12
Z10,85,544,2000,27.2,0,13
Z10,86,545,2000,27.27,0,14
Z10,87,562,2000,28.14,0,15
Z10,88,574,2000,28.71,0,16
Z10,89,589,2000,29.48,0,17
Z10,90,602,2000,30.14,0,18
Z10,91,612,2000,30.61,0,19
Z10,92,624,2000,31.2,0,20
Z10,93,632,2000,31.61,0,21
Z10,94,637,2000,31.87,0,22
Z10,95,638,2000,31.94,0,23
Z10,96,643,2000,32.18,1,0
Z10,97,657,2000,32.85,1,1
Z10,98,660,2000,33.04,1,2
Z10,99,669,2000,33.49,1,3
Z10,100,663,2000,33.16,1,4
Z10,101,665,2000,33.28,1,5
Z10,102,658,2000,32.94,1,6
Z10,103,648,2000,32.41,1,7
Z10,104,639,2000,31.98,0,8
Z10,105,642,2000,32.14,0,9
Z10,106,644,2000,32.21,0,10
Z10,107,644,2000,32.21,0,11
Z10,108,636,2000,31.83,0,12
Z10,109,641,2000,32.1,0,13
Z10,110,654,2000,32.72,0,14
Z10,111,669,2000,33.47,0,15
Z10,112,673,2000,33.68,0,16
Z10,113,684,2000,34.24,0,17
Z10,114,700,2000,35.04,0,18
Z10,115,718,2000,35.93,0,19
Z10,116,716,2000,35.83,0,20
Z10,117,725,2000,36.26,0,21
Z10,118,733,2000,36.68,0,22
Z10,119,744,2000,37.22,0,23
Z10,120,752,2000,37.63,0,0
Z10,121,760,2000,38.01,0,1
Z10,122,758,2000,37.94,0,2
Z10,123,749,2000,37.5,0,3
Z10,124,750,2000,37.5,0,4
Z10,125,757,2000,37.89,0,5
Z10,126,765,2000,38.29,0,6
Z10,127,767,2000,38.36,0,7
Z10,128,764,2000,38.24,0,8
Z10,129,761,2000,38.08,0,9
Z10,130,753,2000,37.68,0,10
Z10,131,751,2000,37.56,0,11
Z10,132,764,2000,38.22,0,12
Z10,133,764,2000,38.24,0,13
Z10,134,785,2000,39.28,0,14
Z10,135,797,2000,39.86,0,15
Z10,136,821,2000,41.08,0,16
Z10,137,829,2000,41.46,0,17
Z10,138,849,2000,42.45,0,18
Z10,139,858,2000,42.92,0,19
Z10,140,861,2000,43.05,0,20
Z10,141,871,2000,43.58,0,21
Z10,142,885,2000,44.26,0,22
Z10,143,885,2000,44.27,0,23
Z10,144,879,2000,43.99,0,0
