link_id,hour_offset,current_load,capacity_per_hour,load_pct
L001,0,336,1800,18.69
L001,1,311,1800,17.29
L001,2,342,1800,19.04
L001,3,378,1800,21.03
L001,4,313,1800,17.4
L001,5,733,1800,40.75
L001,6,859,1800,47.77
L001,7,908,1800,50.49
L001,8,939,1800,52.19
L001,9,1013,1800,56.3
L001,10,940,1800,52.23
L001,11,862,1800,47.93
L001,12,816,1800,45.37
L001,13,696,1800,38.7
L001,14,720,1800,40.05
L001,15,831,1800,46.17
L001,16,905,1800,50.31
L001,17,1042,1800,57.89
L001,18,1027,1800,57.1
L001,19,973,1800,54.09
L001,20,1173,1800,65.18
L001,21,994,1800,55.24
L001,22,918,1800,51.05
L001,23,808,1800,44.94
L001,24,352,1800,19.56
L001,25,401,1800,22.33
L001,26,423,1800,23.53
L001,27,514,1800,28.58
L001,28,621,1800,34.51
L001,29,1235,1800,68.62
L001,30,1499,1800,83.29
L001,31,951,1800,52.88
L001,32,957,1800,53.19
L001,33,1800,1800,100.0
L001,34,1481,1800,82.32
L001,35,1073,1800,59.61
L001,36,932,1800,51.83
L001,37,694,1800,38.6
L001,38,736,1800,40.92
L001,39,861,1800,47.84
L001,40,974,1800,54.17
L001,41,1036,1800,57.58
L001,42,1059,1800,58.85
L001,43,1017,1800,56.53
L001,44,886,1800,49.25
L001,45,821,1800,45.65
L001,46,758,1800,42.12
L001,47,775,1800,43.07
L001,48,330,1800,18.35
L001,49,264,1800,14.68
L001,50,398,1800,22.15
L001,51,457,1800,25.44
L001,52,571,1800,31.73
L001,53,1197,1800,66.53
L001,54,1458,1800,81.0
L001,55,915,1800,50.85
L001,56,924,1800,51.37
L001,57,1800,1800,100.0
L001,58,1390,1800,77.26
L001,59,1124,1800,62.5
L001,60,1051,1800,58.44
L001,61,907,1800,50.4
L001,62,899,1800,49.99
L001,63,987,1800,54.87
L001,64,1198,1800,66.56
L001,65,1149,1800,63.86
L001,66,1156,1800,64.23
L001,67,1069,1800,59.4
L001,68,959,1800,53.3
L001,69,824,1800,45.81
L001,70,922,1800,51.24
L001,71,858,1800,47.7
L001,72,346,1800,19.27
L001,73,412,1800,22.92
L001,74,287,1800,15.95
L001,75,517,1800,28.72
L001,76,621,1800,34.53
L001,77,1192,1800,66.27
L001,78,1466,1800,81.46
L001,79,799,1800,44.43
L001,80,949,1800,52.74
L001,81,1800,1800,100.0
L001,82,1466,1800,81.49
L001,83,1080,1800,60.05
L001,84,882,1800,49.05
L001,85,752,1800,41.8
L001,86,825,1800,45.85
L001,87,866,1800,48.13
L001,88,924,1800,51.38
L001,89,1049,1800,58.33
L001,90,1067,1800,59.31
L001,91,1067,1800,59.33
L001,92,917,1800,50.96
L001,93,837,1800,46.51
L001,94,760,1800,42.28
L001,95,675,1800,37.52
L001,96,385,1800,21.41
L001,97,412,1800,22.94
L001,98,489,1800,27.18
L001,99,624,1800,34.71
L001,100,784,1800,43.57
L001,101,1578,1800,87.69
L001,102,1800,1800,100.0
L001,103,1004,1800,55.82
L001,104,951,1800,52.87
L001,105,1800,1800,100.0
L001,106,1626,1800,90.34
L001,107,1178,1800,65.46
L001,108,959,1800,53.3
L001,109,773,1800,42.97
L001,110,729,1800,40.54
L001,111,889,1800,49.43
L001,112,1014,1800,56.37
L001,113,1231,1800,68.4
L001,114,1205,1800,66.99
L001,115,1041,1800,57.86
L001,116,943,1800,52.43
L001,117,803,1800,44.66
L001,118,1028,1800,57.14
L001,119,864,1800,48.02
L001,120,397,1800,22.09
L001,121,304,1800,16.94
L001,122,372,1800,20.7
L001,123,262,1800,14.59
L001,124,345,1800,19.2
L001,125,829,1800,46.08
L001,126,758,1800,42.12
L001,127,856,1800,47.56
L001,128,961,1800,53.44
L001,129,971,1800,54.0
L001,130,897,1800,49.84
L001,131,883,1800,49.1
L001,132,765,1800,42.5
L001,133,791,1800,43.95
L001,134,752,1800,41.82
L001,135,914,1800,50.82
L001,136,914,1800,50.82
L001,137,1016,1800,56.49
L001,138,1096,1800,60.89
L001,139,980,1800,54.49
L001,140,954,1800,53.01
L001,141,901,1800,50.11
L001,142,712,1800,39.6
L001,143,740,1800,41.15
L001,144,327,1800,18.17
L002,0,371,1800,20.62
L002,1,291,1800,16.18
L002,2,288,1800,16.01
L002,3,362,1800,20.13
L002,4,357,1800,19.87
L002,5,804,1800,44.72
L002,6,863,1800,47.96
L002,7,903,1800,50.21
L002,8,1019,1800,56.63
L002,9,1055,1800,58.65
L002,10,982,1800,54.58
L002,11,1007,1800,55.96
L002,12,878,1800,48.78
L002,13,777,1800,43.19
L002,14,867,1800,48.19
L002,15,866,1800,48.16
L002,16,1029,1800,57.17
L002,17,1127,1800,62.65
L002,18,1083,1800,60.2
L002,19,1119,1800,62.22
L002,20,1193,1800,66.29
L002,21,1097,1800,60.96
L002,22,1052,1800,58.5
L002,23,917,1800,50.96
L002,24,371,1800,20.64
L002,25,390,1800,21.67
L002,26,464,1800,25.81
L002,27,520,1800,28.89
L002,28,681,1800,37.89
L002,29,1309,1800,72.77
L002,30,1608,1800,89.33
L002,31,931,1800,51.73
L002,32,1067,1800,59.32
L002,33,1800,1800,100.0
L002,34,1609,1800,89.4
L002,35,1198,1800,66.57
L002,36,942,1800,52.39
L002,37,782,1800,43.45
L002,38,860,1800,47.8
L002,39,896,1800,49.82
L002,40,1026,1800,57.01
L002,41,1100,1800,61.14
L002,42,1113,1800,61.84
L002,43,1048,1800,58.23
L002,44,937,1800,52.07
L002,45,884,1800,49.15
L002,46,862,1800,47.92
L002,47,794,1800,44.11
L002,48,290,1800,16.16
L002,49,364,1800,20.24
L002,50,424,1800,23.59
L002,51,461,1800,25.65
L002,52,627,1800,34.86
L002,53,1227,1800,68.21
L002,54,1424,1800,79.12
L002,55,944,1800,52.49
L002,56,1032,1800,57.35
L002,57,1800,1800,100.0
L002,58,1471,1800,81.75
L002,59,1083,1800,60.22
L002,60,1095,1800,60.86
L002,61,1003,1800,55.76
L002,62,1054,1800,58.6
L002,63,1182,1800,65.7
L002,64,1496,1800,83.15
L002,65,1324,1800,73.61
L002,66,1478,1800,82.14
L002,67,1119,1800,62.2
L002,68,1023,1800,56.84
L002,69,889,1800,49.44
L002,70,1297,1800,72.07
L002,71,969,1800,53.87
L002,72,435,1800,24.22
L002,73,390,1800,21.72
L002,74,417,1800,23.2
L002,75,599,1800,33.31
L002,76,567,1800,31.54
L002,77,1284,1800,71.34
L002,78,1450,1800,80.61
L002,79,911,1800,50.67
L002,80,1053,1800,58.52
L002,81,1800,1800,100.0
L002,82,1417,1800,78.77
L002,83,1125,1800,62.51
L002,84,994,1800,55.22
L002,85,795,1800,44.2
L002,86,849,1800,47.22
L002,87,907,1800,50.41
L002,88,972,1800,54.01
L002,89,1166,1800,64.82
L002,90,1141,1800,63.4
L002,91,1001,1800,55.64
L002,92,1004,1800,55.82
L002,93,876,1800,48.68
L002,94,862,1800,47.91
L002,95,754,1800,41.9
L002,96,396,1800,22.05
L002,97,450,1800,25.01
L002,98,551,1800,30.61
L002,99,614,1800,34.13
L002,100,854,1800,47.49
L002,101,1637,1800,90.99
L002,102,1800,1800,100.0
L002,103,1168,1800,64.9
L002,104,1026,1800,57.01
L002,105,1800,1800,100.0
L002,106,1639,1800,91.11
L002,107,1307,1800,72.65
L002,108,1042,1800,57.91
L002,109,778,1800,43.23
L002,110,877,1800,48.76
L002,111,1080,1800,60.03
L002,112,1191,1800,66.2
L002,113,1445,1800,80.33
L002,114,1645,1800,91.42
L002,115,1045,1800,58.06
L002,116,994,1800,55.28
L002,117,774,1800,43.0
L002,118,1477,1800,82.06
L002,119,1112,1800,61.83
L002,120,455,1800,25.33
L002,121,485,1800,26.98
L002,122,283,1800,15.77
L002,123,324,1800,18.01
L002,124,351,1800,19.5
L002,125,852,1800,47.34
L002,126,792,1800,44.04
L002,127,976,1800,54.26
L002,128,1010,1800,56.14
L002,129,1005,1800,55.85
L002,130,1029,1800,57.17
L002,131,941,1800,52.29
L002,132,835,1800,46.42
L002,133,827,1800,45.96
L002,134,826,1800,45.89
L002,135,910,1800,50.56
L002,136,1024,1800,56.9
L002,137,1144,1800,63.59
L002,138,1066,1800,59.28
L002,139,1166,1800,64.79
L002,140,920,1800,51.11
L002,141,896,1800,49.8
L002,142,851,1800,47.33
L002,143,796,1800,44.26
L002,144,315,1800,17.53
L003,0,460,3000,15.34
L003,1,441,3000,14.71
L003,2,435,3000,14.51
L003,3,532,3000,17.74
L003,4,506,3000,16.9
L003,5,1072,3000,35.74
L003,6,1268,3000,42.27
L003,7,1364,3000,45.48
L003,8,1530,3000,51.01
L003,9,1574,3000,52.49
L003,10,1422,3000,47.43
L003,11,1311,3000,43.72
L003,12,1274,3000,42.48
L003,13,1207,3000,40.25
L003,14,1193,3000,39.79
L003,15,1310,3000,43.67
L003,16,1540,3000,51.35
L003,17,1557,3000,51.9
L003,18,1689,3000,56.3
L003,19,1582,3000,52.75
L003,20,1702,3000,56.76
L003,21,1602,3000,53.43
L003,22,1439,3000,48.0
L003,23,1354,3000,45.14
L003,24,645,3000,21.51
L003,25,600,3000,20.01
L003,26,763,3000,25.44
L003,27,758,3000,25.27
L003,28,1042,3000,34.74
L003,29,1949,3000,64.98
L003,30,2424,3000,80.83
L003,31,1383,3000,46.11
L003,32,1422,3000,47.42
L003,33,3000,3000,100.0
L003,34,2228,3000,74.3
L003,35,1668,3000,55.63
L003,36,1497,3000,49.92
L003,37,1219,3000,40.65
L003,38,1236,3000,41.21
L003,39,1343,3000,44.79
L003,40,1455,3000,48.51
L003,41,1536,3000,51.23
L003,42,1658,3000,55.27
L003,43,1551,3000,51.71
L003,44,1519,3000,50.65
L003,45,1287,3000,42.91
L003,46,1119,3000,37.32
L003,47,1081,3000,36.03
L003,48,501,3000,16.7
L003,49,465,3000,15.51
L003,50,534,3000,17.83
L003,51,750,3000,25.02
L003,52,958,3000,31.96
L003,53,1802,3000,60.07
L003,54,2210,3000,73.7
L003,55,1359,3000,45.32
L003,56,1381,3000,46.04
L003,57,2867,3000,95.57
L003,58,2128,3000,70.96
L003,59,1676,3000,55.88
L003,60,1663,3000,55.46
L003,61,1479,3000,49.33
L003,62,1487,3000,49.59
L003,63,1572,3000,52.43
L003,64,1800,3000,60.01
L003,65,1640,3000,54.67
L003,66,1810,3000,60.35
L003,67,1576,3000,52.56
L003,68,1476,3000,49.22
L003,69,1242,3000,41.41
L003,70,1427,3000,47.59
L003,71,1310,3000,43.69
L003,72,519,3000,17.31
L003,73,556,3000,18.57
L003,74,643,3000,21.44
L003,75,726,3000,24.23
L003,76,990,3000,33.03
L003,77,1888,3000,62.96
L003,78,2324,3000,77.47
L003,79,1293,3000,43.1
L003,80,1478,3000,49.27
L003,81,3000,3000,100.0
L003,82,2322,3000,77.43
L003,83,1778,3000,59.3
L003,84,1546,3000,51.57
L003,85,1116,3000,37.22
L003,86,1252,3000,41.76
L003,87,1314,3000,43.81
L003,88,1600,3000,53.36
L003,89,1542,3000,51.42
L003,90,1597,3000,53.25
L003,91,1556,3000,51.88
L003,92,1315,3000,43.83
L003,93,1262,3000,42.07
L003,94,1124,3000,37.47
L003,95,1112,3000,37.07
L003,96,581,3000,19.39
L003,97,730,3000,24.37
L003,98,814,3000,27.14
L003,99,955,3000,31.84
L003,100,1277,3000,42.59
L003,101,2549,3000,84.98
L003,102,3000,3000,100.0
L003,103,1706,3000,56.9
L003,104,1554,3000,51.82
L003,105,3000,3000,100.0
L003,106,2352,3000,78.42
L003,107,1921,3000,64.06
L003,108,1454,3000,48.48
L003,109,1255,3000,41.86
L003,110,1117,3000,37.26
L003,111,1325,3000,44.17
L003,112,1567,3000,52.25
L003,113,1772,3000,59.08
L003,114,1872,3000,62.43
L003,115,1637,3000,54.57
L003,116,1384,3000,46.16
L003,117,1287,3000,42.92
L003,118,1526,3000,50.89
L003,119,1304,3000,43.5
L003,120,603,3000,20.11
L003,121,440,3000,14.67
L003,122,373,3000,12.44
L003,123,560,3000,18.69
L003,124,505,3000,16.84
L003,125,1068,3000,35.62
L003,126,1311,3000,43.71
L003,127,1351,3000,45.06
L003,128,1554,3000,51.82
L003,129,1537,3000,51.25
L003,130,1613,3000,53.79
L003,131,1464,3000,48.82
L003,132,1208,3000,40.29
L003,133,1231,3000,41.04
L003,134,1237,3000,41.26
L003,135,1392,3000,46.42
L003,136,1392,3000,46.42
L003,137,1641,3000,54.71
L003,138,1722,3000,57.43
L003,139,1479,3000,49.33
L003,140,1377,3000,45.9
L003,141,1162,3000,38.75
L003,142,1156,3000,38.55
L003,143,1149,3000,38.32
L003,144,573,3000,19.1
L004,0,471,2400,19.65
L004,1,553,2400,23.07
L004,2,395,2400,16.46
L004,3,379,2400,15.82
L004,4,472,2400,19.68
L004,5,1111,2400,46.31
L004,6,1162,2400,48.42
L004,7,1162,2400,48.46
L004,8,1373,2400,57.22
L004,9,1354,2400,56.44
L004,10,1414,2400,58.93
L004,11,1295,2400,53.96
L004,12,1127,2400,46.97
L004,13,1103,2400,45.98
L004,14,1097,2400,45.71
L004,15,1235,2400,51.47
L004,16,1412,2400,58.84
L004,17,1421,2400,59.23
L004,18,1545,2400,64.41
L004,19,1445,2400,60.23
L004,20,1564,2400,65.17
L004,21,1450,2400,60.45
L004,22,1285,2400,53.58
L004,23,1243,2400,51.81
L004,24,488,2400,20.36
L004,25,687,2400,28.64
L004,26,680,2400,28.37
L004,27,674,2400,28.11
L004,28,916,2400,38.19
L004,29,1757,2400,73.22
L004,30,2119,2400,88.33
L004,31,1304,2400,54.36
L004,32,1418,2400,59.09
L004,33,2400,2400,100.0
L004,34,2002,2400,83.44
L004,35,1581,2400,65.89
L004,36,1212,2400,50.51
L004,37,1050,2400,43.77
L004,38,1225,2400,51.05
L004,39,1325,2400,55.23
L004,40,1348,2400,56.19
L004,41,1504,2400,62.67
L004,42,1535,2400,63.99
L004,43,1636,2400,68.17
L004,44,1420,2400,59.17
L004,45,1227,2400,51.15
L004,46,1085,2400,45.24
L004,47,993,2400,41.41
L004,48,478,2400,19.93
L004,49,450,2400,18.78
L004,50,484,2400,20.2
L004,51,642,2400,26.75
L004,52,785,2400,32.73
L004,53,1754,2400,73.09
L004,54,2036,2400,84.87
L004,55,1271,2400,52.99
L004,56,1456,2400,60.68
L004,57,2400,2400,100.0
L004,58,1892,2400,78.84
L004,59,1629,2400,67.9
L004,60,1575,2400,65.64
L004,61,1283,2400,53.48
L004,62,1367,2400,56.96
L004,63,1452,2400,60.53
L004,64,1600,2400,66.69
L004,65,1610,2400,67.11
L004,66,1747,2400,72.79
L004,67,1399,2400,58.32
L004,68,1390,2400,57.94
L004,69,1199,2400,50.0
L004,70,1285,2400,53.57
L004,71,1133,2400,47.22
L004,72,464,2400,19.34
L004,73,515,2400,21.48
L004,74,522,2400,21.78
L004,75,705,2400,29.4
L004,76,866,2400,36.12
L004,77,1694,2400,70.61
L004,78,2002,2400,83.46
L004,79,1241,2400,51.74
L004,80,1417,2400,59.08
L004,81,2400,2400,100.0
L004,82,1926,2400,80.29
L004,83,1574,2400,65.6
L004,84,1360,2400,56.68
L004,85,1042,2400,43.43
L004,86,1181,2400,49.24
L004,87,1203,2400,50.15
L004,88,1391,2400,58.0
L004,89,1433,2400,59.72
L004,90,1423,2400,59.33
L004,91,1387,2400,57.82
L004,92,1363,2400,56.81
L004,93,1248,2400,52.0
L004,94,1088,2400,45.35
L004,95,1112,2400,46.35
L004,96,464,2400,19.34
L004,97,586,2400,24.45
L004,98,641,2400,26.73
L004,99,864,2400,36.03
L004,100,1176,2400,49.02
L004,101,2200,2400,91.68
L004,102,2400,2400,100.0
L004,103,1554,2400,64.76
L004,104,1347,2400,56.15
L004,105,2400,2400,100.0
L004,106,2109,2400,87.9
L004,107,1690,2400,70.44
L004,108,1442,2400,60.11
L004,109,1005,2400,41.9
L004,110,1133,2400,47.21
L004,111,1318,2400,54.96
L004,112,1439,2400,59.99
L004,113,1631,2400,67.99
L004,114,1686,2400,70.29
L004,115,1478,2400,61.59
L004,116,1352,2400,56.36
L004,117,1296,2400,54.0
L004,118,1425,2400,59.38
L004,119,1231,2400,51.31
L004,120,511,2400,21.33
L004,121,474,2400,19.76
L004,122,445,2400,18.55
L004,123,490,2400,20.43
L004,124,453,2400,18.88
L004,125,1106,2400,46.1
L004,126,1273,2400,53.06
L004,127,1318,2400,54.92
L004,128,1360,2400,56.7
L004,129,1486,2400,61.95
L004,130,1357,2400,56.56
L004,131,1168,2400,48.67
L004,132,1123,2400,46.82
L004,133,1031,2400,42.99
L004,134,1134,2400,47.27
L004,135,1239,2400,51.65
L004,136,1450,2400,60.43
L004,137,1490,2400,62.12
L004,138,1507,2400,62.82
L004,139,1517,2400,63.22
L004,140,1244,2400,51.84
L004,141,1246,2400,51.95
L004,142,1176,2400,49.03
L004,143,1000,2400,41.69
L004,144,528,2400,22.0
L005,0,351,1800,19.55
L005,1,322,1800,17.9
L005,2,363,1800,20.22
L005,3,429,1800,23.89
L005,4,351,1800,19.53
L005,5,801,1800,44.51
L005,6,827,1800,45.98
L005,7,893,1800,49.63
L005,8,1039,1800,57.75
L005,9,1006,1800,55.92
L005,10,1009,1800,56.11
L005,11,910,1800,50.6
L005,12,874,1800,48.59
L005,13,834,1800,46.34
L005,14,878,1800,48.82
L005,15,881,1800,48.99
L005,16,983,1800,54.65
L005,17,1039,1800,57.75
L005,18,1094,1800,60.82
L005,19,1093,1800,60.73
L005,20,1202,1800,66.81
L005,21,1024,1800,56.89
L005,22,1008,1800,56.0
L005,23,976,1800,54.24
L005,24,415,1800,23.11
L005,25,497,1800,27.65
L005,26,464,1800,25.8
L005,27,472,1800,26.23
L005,28,596,1800,33.13
L005,29,1354,1800,75.26
L005,30,1597,1800,88.75
L005,31,924,1800,51.38
L005,32,1017,1800,56.54
L005,33,1800,1800,100.0
L005,34,1594,1800,88.59
L005,35,1175,1800,65.28
L005,36,977,1800,54.31
L005,37,849,1800,47.2
L005,38,856,1800,47.6
L005,39,910,1800,50.6
L005,40,963,1800,53.5
L005,41,1096,1800,60.94
L005,42,1186,1800,65.94
L005,43,1131,1800,62.86
L005,44,1056,1800,58.71
L005,45,878,1800,48.81
L005,46,785,1800,43.66
L005,47,776,1800,43.16
L005,48,340,1800,18.93
L005,49,399,1800,22.18
L005,50,340,1800,18.93
L005,51,555,1800,30.86
L005,52,613,1800,34.09
L005,53,1204,1800,66.94
L005,54,1425,1800,79.21
L005,55,861,1800,47.86
L005,56,1039,1800,57.73
L005,57,1800,1800,100.0
L005,58,1375,1800,76.4
L005,59,1083,1800,60.2
L005,60,1114,1800,61.94
L005,61,1037,1800,57.66
L005,62,990,1800,55.04
L005,63,1032,1800,57.38
L005,64,1213,1800,67.42
L005,65,1133,1800,62.98
L005,66,1100,1800,61.16
L005,67,1075,1800,59.78
L005,68,984,1800,54.7
L005,69,926,1800,51.46
L005,70,1029,1800,57.21
L005,71,890,1800,49.5
L005,72,359,1800,19.97
L005,73,328,1800,18.26
L005,74,514,1800,28.59
L005,75,508,1800,28.26
L005,76,640,1800,35.58
L005,77,1252,1800,69.58
L005,78,1519,1800,84.39
L005,79,921,1800,51.19
L005,80,983,1800,54.66
L005,81,1800,1800,100.0
L005,82,1455,1800,80.87
L005,83,1128,1800,62.69
L005,84,935,1800,51.96
L005,85,825,1800,45.84
L005,86,827,1800,45.98
L005,87,961,1800,53.42
L005,88,889,1800,49.41
L005,89,1121,1800,62.3
L005,90,1161,1800,64.54
L005,91,996,1800,55.34
L005,92,980,1800,54.45
L005,93,884,1800,49.11
L005,94,769,1800,42.74
L005,95,751,1800,41.73
L005,96,355,1800,19.75
L005,97,497,1800,27.65
L005,98,551,1800,30.66
L005,99,710,1800,39.46
L005,100,894,1800,49.71
L005,101,1607,1800,89.32
L005,102,1800,1800,100.0
L005,103,1113,1800,61.85
L005,104,958,1800,53.23
L005,105,1800,1800,100.0
L005,106,1590,1800,88.36
L005,107,1205,1800,66.95
L005,108,1025,1800,57.0
L005,109,842,1800,46.82
L005,110,840,1800,46.67
L005,111,985,1800,54.74
L005,112,1018,1800,56.56
L005,113,1206,1800,67.03
L005,114,1285,1800,71.42
L005,115,1065,1800,59.22
L005,116,1006,1800,55.92
L005,117,849,1800,47.18
L005,118,1068,1800,59.35
L005,119,875,1800,48.66
L005,120,367,1800,20.41
L005,121,404,1800,22.47
L005,122,310,1800,17.28
L005,123,284,1800,15.79
L005,124,282,1800,15.7
L005,125,815,1800,45.3
L005,126,795,1800,44.18
L005,127,996,1800,55.37
L005,128,924,1800,51.34
L005,129,1107,1800,61.54
L005,130,1015,1800,56.42
L005,131,925,1800,51.44
L005,132,834,1800,46.34
L005,133,836,1800,46.49
L005,134,836,1800,46.46
L005,135,945,1800,52.54
L005,136,998,1800,55.49
L005,137,1084,1800,60.23
L005,138,1098,1800,61.0
L005,139,1075,1800,59.77
L005,140,1005,1800,55.88
L005,141,831,1800,46.17
L005,142,771,1800,42.87
L005,143,811,1800,45.08
L005,144,345,1800,19.19
L006,0,359,2400,14.99
L006,1,370,2400,15.43
L006,2,388,2400,16.17
L006,3,342,2400,14.28
L006,4,335,2400,13.99
L006,5,883,2400,36.8
L006,6,893,2400,37.24
L006,7,1075,2400,44.8
L006,8,1069,2400,44.58
L006,9,1259,2400,52.47
L006,10,1185,2400,49.39
L006,11,1070,2400,44.62
L006,12,1010,2400,42.1
L006,13,1000,2400,41.67
L006,14,988,2400,41.17
L006,15,923,2400,38.46
L006,16,1075,2400,44.83
L006,17,1222,2400,50.93
L006,18,1302,2400,54.26
L006,19,1282,2400,53.44
L006,20,1309,2400,54.58
L006,21,1208,2400,50.36
L006,22,1043,2400,43.46
L006,23,982,2400,40.95
L006,24,361,2400,15.07
L006,25,418,2400,17.45
L006,26,491,2400,20.49
L006,27,561,2400,23.4
L006,28,862,2400,35.94
L006,29,1494,2400,62.28
L006,30,2052,2400,85.51
L006,31,1079,2400,44.99
L006,32,1169,2400,48.73
L006,33,2400,2400,100.0
L006,34,1851,2400,77.15
L006,35,1347,2400,56.13
L006,36,1121,2400,46.74
L006,37,1047,2400,43.64
L006,38,929,2400,38.73
L006,39,1080,2400,45.04
L006,40,1106,2400,46.09
L006,41,1253,2400,52.23
L006,42,1394,2400,58.1
L006,43,1222,2400,50.92
L006,44,1238,2400,51.59
L006,45,1053,2400,43.89
L006,46,888,2400,37.0
L006,47,893,2400,37.23
L006,48,420,2400,17.53
L006,49,425,2400,17.72
L006,50,378,2400,15.78
L006,51,539,2400,22.48
L006,52,731,2400,30.47
L006,53,1442,2400,60.12
L006,54,1804,2400,75.2
L006,55,1063,2400,44.3
L006,56,1089,2400,45.38
L006,57,2366,2400,98.6
L006,58,1751,2400,72.98
L006,59,1360,2400,56.68
L006,60,1346,2400,56.09
L006,61,1124,2400,46.86
L006,62,1143,2400,47.65
L006,63,1237,2400,51.57
L006,64,1328,2400,55.34
L006,65,1366,2400,56.92
L006,66,1438,2400,59.95
L006,67,1269,2400,52.89
L006,68,1075,2400,44.8
L006,69,958,2400,39.95
L006,70,1148,2400,47.86
L006,71,943,2400,39.33
L006,72,447,2400,18.64
L006,73,416,2400,17.34
L006,74,469,2400,19.58
L006,75,642,2400,26.77
L006,76,743,2400,31.0
L006,77,1493,2400,62.24
L006,78,1808,2400,75.34
L006,79,1030,2400,42.95
L006,80,1143,2400,47.64
L006,81,2400,2400,100.0
L006,82,1734,2400,72.29
L006,83,1417,2400,59.05
L006,84,1055,2400,43.96
L006,85,902,2400,37.6
L006,86,911,2400,37.97
L006,87,1096,2400,45.69
L006,88,1153,2400,48.07
L006,89,1309,2400,54.57
L006,90,1222,2400,50.93
L006,91,1269,2400,52.88
L006,92,1189,2400,49.56
L006,93,1020,2400,42.51
L006,94,973,2400,40.58
L006,95,832,2400,34.7
L006,96,510,2400,21.26
L006,97,595,2400,24.82
L006,98,570,2400,23.77
L006,99,759,2400,31.65
L006,100,1134,2400,47.28
L006,101,2071,2400,86.31
L006,102,2400,2400,100.0
L006,103,1221,2400,50.88
L006,104,1144,2400,47.7
L006,105,2400,2400,100.0
L006,106,1902,2400,79.27
L006,107,1391,2400,57.97
L006,108,1107,2400,46.14
L006,109,915,2400,38.16
L006,110,969,2400,40.38
L006,111,1151,2400,48.0
L006,112,1179,2400,49.14
L006,113,1445,2400,60.24
L006,114,1489,2400,62.05
L006,115,1252,2400,52.19
L006,116,1178,2400,49.09
L006,117,956,2400,39.86
L006,118,1213,2400,50.56
L006,119,1003,2400,41.83
L006,120,461,2400,19.23
L006,121,417,2400,17.38
L006,122,499,2400,20.81
L006,123,337,2400,14.07
L006,124,348,2400,14.54
L006,125,839,2400,34.99
L006,126,916,2400,38.17
L006,127,1020,2400,42.5
L006,128,1222,2400,50.94
L006,129,1279,2400,53.33
L006,130,1130,2400,47.1
L006,131,1013,2400,42.22
L006,132,983,2400,40.98
L006,133,883,2400,36.79
L006,134,968,2400,40.33
L006,135,1030,2400,42.96
L006,136,1063,2400,44.31
L006,137,1336,2400,55.71
L006,138,1395,2400,58.15
L006,139,1222,2400,50.95
L006,140,1122,2400,46.75
L006,141,1031,2400,42.96
L006,142,935,2400,38.97
L006,143,894,2400,37.29
L006,144,475,2400,19.81
L007,0,175,1200,14.6
L007,1,158,1200,13.23
L007,2,143,1200,11.97
L007,3,161,1200,13.46
L007,4,182,1200,15.23
L007,5,472,1200,39.41
L007,6,448,1200,37.36
L007,7,521,1200,43.5
L007,8,568,1200,47.38
L007,9,623,1200,51.92
L007,10,636,1200,53.01
L007,11,503,1200,41.99
L007,12,455,1200,37.96
L007,13,472,1200,39.4
L007,14,474,1200,39.54
L007,15,548,1200,45.67
L007,16,576,1200,48.03
L007,17,607,1200,50.61
L007,18,655,1200,54.6
L007,19,646,1200,53.84
L007,20,683,1200,56.92
L007,21,600,1200,50.01
L007,22,556,1200,46.41
L007,23,525,1200,43.8
L007,24,248,1200,20.72
L007,25,245,1200,20.43
L007,26,271,1200,22.62
L007,27,305,1200,25.47
L007,28,430,1200,35.88
L007,29,740,1200,61.67
L007,30,955,1200,79.63
L007,31,505,1200,42.14
L007,32,569,1200,47.48
L007,33,1200,1200,100.0
L007,34,901,1200,75.13
L007,35,679,1200,56.6
L007,36,510,1200,42.58
L007,37,464,1200,38.75
L007,38,473,1200,39.46
L007,39,556,1200,46.37
L007,40,552,1200,46.06
L007,41,622,1200,51.88
L007,42,646,1200,53.85
L007,43,658,1200,54.87
L007,44,557,1200,46.5
L007,45,504,1200,42.05
L007,46,464,1200,38.68
L007,47,424,1200,35.35
L007,48,168,1200,14.0
L007,49,196,1200,16.37
L007,50,254,1200,21.19
L007,51,256,1200,21.42
L007,52,370,1200,30.9
L007,53,694,1200,57.84
L007,54,906,1200,75.56
L007,55,475,1200,39.65
L007,56,554,1200,46.19
L007,57,1172,1200,97.7
L007,58,890,1200,74.18
L007,59,652,1200,54.41
L007,60,617,1200,51.43
L007,61,577,1200,48.1
L007,62,508,1200,42.4
L007,63,549,1200,45.82
L007,64,706,1200,58.9
L007,65,647,1200,53.97
L007,66,676,1200,56.35
L007,67,635,1200,52.96
L007,68,566,1200,47.24
L007,69,482,1200,40.19
L007,70,501,1200,41.83
L007,71,485,1200,40.44
L007,72,218,1200,18.17
L007,73,199,1200,16.65
L007,74,278,1200,23.17
L007,75,263,1200,21.95
L007,76,340,1200,28.37
L007,77,715,1200,59.61
L007,78,904,1200,75.35
L007,79,522,1200,43.54
L007,80,562,1200,46.89
L007,81,1200,1200,100.0
L007,82,836,1200,69.69
L007,83,702,1200,58.56
L007,84,538,1200,44.85
L007,85,474,1200,39.57
L007,86,465,1200,38.79
L007,87,511,1200,42.61
L007,88,575,1200,47.99
L007,89,628,1200,52.39
L007,90,656,1200,54.71
L007,91,651,1200,54.32
L007,92,565,1200,47.14
L007,93,515,1200,42.99
L007,94,445,1200,37.14
L007,95,457,1200,38.11
L007,96,194,1200,16.19
L007,97,278,1200,23.24
L007,98,288,1200,24.0
L007,99,348,1200,29.0
L007,100,526,1200,43.89
L007,101,963,1200,80.27
L007,102,1200,1200,100.0
L007,103,591,1200,49.31
L007,104,557,1200,46.44
L007,105,1200,1200,100.0
L007,106,952,1200,79.39
L007,107,647,1200,53.94
L007,108,521,1200,43.45
L007,109,468,1200,39.01
L007,110,488,1200,40.69
L007,111,535,1200,44.62
L007,112,579,1200,48.31
L007,113,684,1200,57.07
L007,114,739,1200,61.61
L007,115,586,1200,48.85
L007,116,600,1200,50.01
L007,117,520,1200,43.36
L007,118,580,1200,48.34
L007,119,487,1200,40.62
L007,120,218,1200,18.2
L007,121,142,1200,11.84
L007,122,173,1200,14.46
L007,123,162,1200,13.56
L007,124,157,1200,13.1
L007,125,418,1200,34.85
L007,126,509,1200,42.45
L007,127,532,1200,44.41
L007,128,553,1200,46.16
L007,129,606,1200,50.57
L007,130,606,1200,50.53
L007,131,542,1200,45.19
L007,132,470,1200,39.17
L007,133,428,1200,35.68
L007,134,474,1200,39.58
L007,135,509,1200,42.47
L007,136,584,1200,48.71
L007,137,633,1200,52.8
L007,138,667,1200,55.61
L007,139,602,1200,50.22
L007,140,595,1200,49.6
L007,141,502,1200,41.87
L007,142,502,1200,41.9
L007,143,401,1200,33.43
L007,144,225,1200,18.8
L008,0,484,2400,20.19
L008,1,439,2400,18.32
L008,2,448,2400,18.71
L008,3,459,2400,19.13
L008,4,504,2400,21.0
L008,5,1133,2400,47.22
L008,6,1147,2400,47.83
L008,7,1285,2400,53.55
L008,8,1505,2400,62.73
L008,9,1528,2400,63.71
L008,10,1416,2400,59.01
L008,11,1292,2400,53.84
L008,12,1197,2400,49.9
L008,13,1177,2400,49.06
L008,14,1113,2400,46.39
L008,15,1239,2400,51.64
L008,16,1288,2400,53.67
L008,17,1509,2400,62.88
L008,18,1567,2400,65.32
L008,19,1462,2400,60.93
L008,20,1706,2400,71.08
L008,21,1408,2400,58.7
L008,22,1280,2400,53.35
L008,23,1301,2400,54.23
L008,24,614,2400,25.61
L008,25,680,2400,28.34
L008,26,662,2400,27.61
L008,27,774,2400,32.29
L008,28,909,2400,37.91
L008,29,1768,2400,73.69
L008,30,2192,2400,91.36
L008,31,1320,2400,55.04
L008,32,1309,2400,54.55
L008,33,2400,2400,100.0
L008,34,2120,2400,88.35
L008,35,1577,2400,65.72
L008,36,1369,2400,57.04
L008,37,1171,2400,48.79
L008,38,1181,2400,49.21
L008,39,1223,2400,51.0
L008,40,1340,2400,55.86
L008,41,1486,2400,61.95
L008,42,1595,2400,66.48
L008,43,1516,2400,63.19
L008,44,1355,2400,56.49
L008,45,1289,2400,53.73
L008,46,1000,2400,41.67
L008,47,1153,2400,48.07
L008,48,382,2400,15.93
L008,49,478,2400,19.92
L008,50,507,2400,21.13
L008,51,614,2400,25.6
L008,52,910,2400,37.93
L008,53,1654,2400,68.95
L008,54,2023,2400,84.3
L008,55,1284,2400,53.5
L008,56,1417,2400,59.07
L008,57,2400,2400,100.0
L008,58,1884,2400,78.51
L008,59,1616,2400,67.34
L008,60,1537,2400,64.07
L008,61,1273,2400,53.04
L008,62,1371,2400,57.15
L008,63,1595,2400,66.47
L008,64,1735,2400,72.31
L008,65,1557,2400,64.91
L008,66,1642,2400,68.42
L008,67,1470,2400,61.29
L008,68,1485,2400,61.88
L008,69,1268,2400,52.87
L008,70,1348,2400,56.19
L008,71,1233,2400,51.39
L008,72,528,2400,22.03
L008,73,505,2400,21.07
L008,74,562,2400,23.45
L008,75,694,2400,28.92
L008,76,873,2400,36.42
L008,77,1759,2400,73.33
L008,78,2068,2400,86.17
L008,79,1325,2400,55.22
L008,80,1388,2400,57.84
L008,81,2400,2400,100.0
L008,82,1887,2400,78.64
L008,83,1632,2400,68.0
L008,84,1353,2400,56.39
L008,85,1197,2400,49.9
L008,86,1014,2400,42.27
L008,87,1363,2400,56.8
L008,88,1368,2400,57.03
L008,89,1546,2400,64.44
L008,90,1478,2400,61.61
L008,91,1520,2400,63.34
L008,92,1319,2400,54.99
L008,93,1215,2400,50.66
L008,94,1251,2400,52.15
L008,95,1082,2400,45.12
L008,96,570,2400,23.79
L008,97,643,2400,26.82
L008,98,739,2400,30.81
L008,99,914,2400,38.11
L008,100,1200,2400,50.04
L008,101,2389,2400,99.57
L008,102,2400,2400,100.0
L008,103,1528,2400,63.7
L008,104,1447,2400,60.33
L008,105,2400,2400,100.0
L008,106,2246,2400,93.6
L008,107,1710,2400,71.28
L008,108,1320,2400,55.02
L008,109,1236,2400,51.53
L008,110,1129,2400,47.04
L008,111,1318,2400,54.95
L008,112,1425,2400,59.38
L008,113,1623,2400,67.64
L008,114,1750,2400,72.94
L008,115,1504,2400,62.7
L008,116,1397,2400,58.23
L008,117,1333,2400,55.58
L008,118,1450,2400,60.42
L008,119,1215,2400,50.63
L008,120,591,2400,24.63
L008,121,569,2400,23.72
L008,122,409,2400,17.07
L008,123,507,2400,21.15
L008,124,518,2400,21.61
L008,125,1089,2400,45.41
L008,126,1250,2400,52.12
L008,127,1278,2400,53.27
L008,128,1399,2400,58.3
L008,129,1428,2400,59.53
L008,130,1394,2400,58.09
L008,131,1232,2400,51.34
L008,132,1115,2400,46.47
L008,133,1229,2400,51.21
L008,134,1122,2400,46.78
L008,135,1200,2400,50.03
L008,136,1262,2400,52.6
L008,137,1454,2400,60.6
L008,138,1463,2400,60.99
L008,139,1574,2400,65.61
L008,140,1428,2400,59.53
L008,141,1212,2400,50.52
L008,142,1269,2400,52.89
L008,143,1144,2400,47.7
L008,144,456,2400,19.04
L009,0,335,2400,13.99
L009,1,588,2400,24.53
L009,2,394,2400,16.44
L009,3,382,2400,15.95
L009,4,529,2400,22.05
L009,5,1219,2400,50.83
L009,6,1236,2400,51.54
L009,7,1301,2400,54.25
L009,8,1409,2400,58.73
L009,9,1468,2400,61.18
L009,10,1418,2400,59.12
L009,11,1290,2400,53.77
L009,12,1182,2400,49.27
L009,13,1127,2400,46.97
L009,14,1113,2400,46.38
L009,15,1223,2400,50.99
L009,16,1272,2400,53.02
L009,17,1468,2400,61.19
L009,18,1467,2400,61.13
L009,19,1415,2400,58.97
L009,20,1615,2400,67.31
L009,21,1530,2400,63.75
L009,22,1389,2400,57.88
L009,23,1189,2400,49.58
L009,24,499,2400,20.82
L009,25,633,2400,26.39
L009,26,627,2400,26.14
L009,27,699,2400,29.15
L009,28,934,2400,38.93
L009,29,1712,2400,71.34
L009,30,2137,2400,89.05
L009,31,1201,2400,50.07
L009,32,1346,2400,56.1
L009,33,2400,2400,100.0
L009,34,1948,2400,81.21
L009,35,1619,2400,67.47
L009,36,1332,2400,55.53
L009,37,1159,2400,48.32
L009,38,1164,2400,48.53
L009,39,1310,2400,54.61
L009,40,1368,2400,57.02
L009,41,1450,2400,60.46
L009,42,1525,2400,63.57
L009,43,1502,2400,62.59
L009,44,1363,2400,56.81
L009,45,1236,2400,51.52
L009,46,1099,2400,45.79
L009,47,1043,2400,43.48
L009,48,393,2400,16.4
L009,49,583,2400,24.29
L009,50,494,2400,20.59
L009,51,639,2400,26.65
L009,52,804,2400,33.53
L009,53,1712,2400,71.35
L009,54,1974,2400,82.29
L009,55,1337,2400,55.75
L009,56,1342,2400,55.94
L009,57,2400,2400,100.0
L009,58,1893,2400,78.9
L009,59,1662,2400,69.27
L009,60,1484,2400,61.84
L009,61,1354,2400,56.44
L009,62,1410,2400,58.78
L009,63,1520,2400,63.37
L009,64,1663,2400,69.32
L009,65,1554,2400,64.79
L009,66,1648,2400,68.69
L009,67,1465,2400,61.07
L009,68,1411,2400,58.83
L009,69,1351,2400,56.29
L009,70,1282,2400,53.42
L009,71,1092,2400,45.51
L009,72,505,2400,21.04
L009,73,649,2400,27.05
L009,74,524,2400,21.84
L009,75,777,2400,32.41
L009,76,958,2400,39.92
L009,77,1677,2400,69.91
L009,78,2080,2400,86.71
L009,79,1358,2400,56.59
L009,80,1358,2400,56.59
L009,81,2400,2400,100.0
L009,82,1947,2400,81.16
L009,83,1515,2400,63.15
L009,84,1286,2400,53.6
L009,85,1065,2400,44.41
L009,86,1154,2400,48.12
L009,87,1197,2400,49.92
L009,88,1374,2400,57.26
L009,89,1391,2400,57.98
L009,90,1536,2400,64.03
L009,91,1517,2400,63.23
L009,92,1255,2400,52.32
L009,93,1254,2400,52.25
L009,94,1200,2400,50.04
L009,95,1014,2400,42.28
L009,96,640,2400,26.67
L009,97,612,2400,25.51
L009,98,668,2400,27.85
L009,99,896,2400,37.34
L009,100,1203,2400,50.14
L009,101,2249,2400,93.74
L009,102,2400,2400,100.0
L009,103,1452,2400,60.52
L009,104,1387,2400,57.79
L009,105,2400,2400,100.0
L009,106,2163,2400,90.14
L009,107,1614,2400,67.29
L009,108,1327,2400,55.32
L009,109,1201,2400,50.06
L009,110,1232,2400,51.37
L009,111,1320,2400,55.03
L009,112,1392,2400,58.03
L009,113,1595,2400,66.48
L009,114,1782,2400,74.29
L009,115,1481,2400,61.71
L009,116,1483,2400,61.81
L009,117,1255,2400,52.3
L009,118,1421,2400,59.24
L009,119,1197,2400,49.88
L009,120,540,2400,22.53
L009,121,491,2400,20.5
L009,122,505,2400,21.06
L009,123,520,2400,21.67
L009,124,433,2400,18.07
L009,125,1020,2400,42.54
L009,126,1066,2400,44.45
L009,127,1298,2400,54.12
L009,128,1319,2400,54.99
L009,129,1309,2400,54.57
L009,130,1399,2400,58.31
L009,131,1407,2400,58.64
L009,132,1176,2400,49.03
L009,133,1174,2400,48.95
L009,134,1157,2400,48.22
L009,135,1233,2400,51.39
L009,136,1410,2400,58.76
L009,137,1458,2400,60.76
L009,138,1533,2400,63.89
L009,139,1490,2400,62.1
L009,140,1325,2400,55.24
L009,141,1286,2400,53.61
L009,142,1126,2400,46.95
L009,143,1038,2400,43.28
L009,144,495,2400,20.67
L010,0,398,2400,16.61
L010,1,447,2400,18.65
L010,2,445,2400,18.58
L010,3,505,2400,21.05
L010,4,478,2400,19.95
L010,5,1041,2400,43.41
L010,6,1159,2400,48.29
L010,7,1297,2400,54.06
L010,8,1359,2400,56.65
L010,9,1375,2400,57.33
L010,10,1261,2400,52.57
L010,11,1171,2400,48.81
L010,12,1112,2400,46.37
L010,13,1050,2400,43.77
L010,14,1095,2400,45.63
L010,15,1193,2400,49.73
L010,16,1341,2400,55.91
L010,17,1421,2400,59.25
L010,18,1496,2400,62.37
L010,19,1428,2400,59.54
L010,20,1444,2400,60.21
L010,21,1350,2400,56.26
L010,22,1276,2400,53.18
L010,23,1152,2400,48.01
L010,24,558,2400,23.25
L010,25,614,2400,25.59
L010,26,618,2400,25.77
L010,27,488,2400,20.37
L010,28,625,2400,26.05
L010,29,1196,2400,49.84
L010,30,1307,2400,54.46
L010,31,1191,2400,49.66
L010,32,1314,2400,54.76
L010,33,1643,2400,68.48
L010,34,1481,2400,61.72
L010,35,1305,2400,54.39
L010,36,1163,2400,48.46
L010,37,1105,2400,46.07
L010,38,1167,2400,48.66
L010,39,1240,2400,51.7
L010,40,1235,2400,51.47
L010,41,1290,2400,53.78
L010,42,1520,2400,63.36
L010,43,1353,2400,56.39
L010,44,1301,2400,54.21
L010,45,1124,2400,46.86
L010,46,992,2400,41.37
L010,47,1059,2400,44.13
L010,48,486,2400,20.26
L010,49,420,2400,17.53
L010,50,329,2400,13.73
L010,51,463,2400,19.32
L010,52,553,2400,23.07
L010,53,1089,2400,45.38
L010,54,1304,2400,54.34
L010,55,1223,2400,50.97
L010,56,1360,2400,56.7
L010,57,1628,2400,67.84
L010,58,1400,2400,58.34
L010,59,1349,2400,56.25
L010,60,1357,2400,56.58
L010,61,1289,2400,53.74
L010,62,1310,2400,54.59
L010,63,1506,2400,62.77
L010,64,1725,2400,71.9
L010,65,1710,2400,71.27
L010,66,1984,2400,82.71
L010,67,1353,2400,56.38
L010,68,1227,2400,51.16
L010,69,1264,2400,52.67
L010,70,1661,2400,69.24
L010,71,1281,2400,53.39
L010,72,641,2400,26.71
L010,73,488,2400,20.33
L010,74,564,2400,23.51
L010,75,531,2400,22.15
L010,76,513,2400,21.38
L010,77,1290,2400,53.76
L010,78,1275,2400,53.15
L010,79,1263,2400,52.64
L010,80,1345,2400,56.08
L010,81,1708,2400,71.19
L010,82,1542,2400,64.29
L010,83,1292,2400,53.87
L010,84,1120,2400,46.68
L010,85,1106,2400,46.12
L010,86,1069,2400,44.55
L010,87,1296,2400,54.04
L010,88,1321,2400,55.04
L010,89,1406,2400,58.6
L010,90,1480,2400,61.71
L010,91,1354,2400,56.43
L010,92,1261,2400,52.57
L010,93,1249,2400,52.07
L010,94,1053,2400,43.89
L010,95,975,2400,40.64
L010,96,554,2400,23.11
L010,97,597,2400,24.89
L010,98,597,2400,24.91
L010,99,655,2400,27.32
L010,100,627,2400,26.16
L010,101,1362,2400,56.78
L010,102,1694,2400,70.58
L010,103,1427,2400,59.48
L010,104,1316,2400,54.87
L010,105,1794,2400,74.76
L010,106,1530,2400,63.79
L010,107,1335,2400,55.64
L010,108,1284,2400,53.51
L010,109,1067,2400,44.46
L010,110,1227,2400,51.16
L010,111,1359,2400,56.66
L010,112,1623,2400,67.65
L010,113,1968,2400,82.01
L010,114,2163,2400,90.14
L010,115,1453,2400,60.58
L010,116,1369,2400,57.07
L010,117,1167,2400,48.63
L010,118,1962,2400,81.77
L010,119,1425,2400,59.38
L010,120,562,2400,23.43
L010,121,662,2400,27.6
L010,122,388,2400,16.17
L010,123,436,2400,18.18
L010,124,439,2400,18.29
L010,125,1059,2400,44.14
L010,126,1158,2400,48.29
L010,127,1269,2400,52.9
L010,128,1299,2400,54.14
L010,129,1366,2400,56.94
L010,130,1345,2400,56.07
L010,131,1214,2400,50.61
L010,132,1213,2400,50.58
L010,133,1108,2400,46.19
L010,134,1143,2400,47.66
L010,135,1225,2400,51.07
L010,136,1375,2400,57.32
L010,137,1435,2400,59.8
L010,138,1402,2400,58.45
L010,139,1446,2400,60.28
L010,140,1278,2400,53.27
L010,141,1158,2400,48.27
L010,142,1119,2400,46.63
L010,143,1095,2400,45.67
L010,144,447,2400,18.63
L011,0,284,1800,15.8
L011,1,339,1800,18.87
L011,2,281,1800,15.67
L011,3,376,1800,20.92
L011,4,300,1800,16.68
L011,5,574,1800,31.89
L011,6,728,1800,40.45
L011,7,794,1800,44.14
L011,8,910,1800,50.56
L011,9,919,1800,51.09
L011,10,854,1800,47.45
L011,11,733,1800,40.76
L011,12,699,1800,38.88
L011,13,639,1800,35.54
L011,14,667,1800,37.06
L011,15,777,1800,43.2
L011,16,912,1800,50.72
L011,17,946,1800,52.57
L011,18,917,1800,50.97
L011,19,948,1800,52.67
L011,20,1045,1800,58.1
L011,21,862,1800,47.9
L011,22,794,1800,44.12
L011,23,749,1800,41.62
L011,24,290,1800,16.12
L011,25,350,1800,19.47
L011,26,331,1800,18.41
L011,27,318,1800,17.67
L011,28,292,1800,16.24
L011,29,704,1800,39.11
L011,30,838,1800,46.59
L011,31,764,1800,42.48
L011,32,927,1800,51.52
L011,33,1031,1800,57.3
L011,34,943,1800,52.44
L011,35,856,1800,47.56
L011,36,670,1800,37.23
L011,37,603,1800,33.53
L011,38,629,1800,34.98
L011,39,804,1800,44.69
L011,40,824,1800,45.83
L011,41,1031,1800,57.33
L011,42,942,1800,52.36
L011,43,937,1800,52.1
L011,44,907,1800,50.4
L011,45,830,1800,46.14
L011,46,759,1800,42.17
L011,47,682,1800,37.9
L011,48,312,1800,17.37
L011,49,298,1800,16.57
L011,50,313,1800,17.44
L011,51,275,1800,15.31
L011,52,287,1800,15.99
L011,53,709,1800,39.44
L011,54,786,1800,43.72
L011,55,761,1800,42.31
L011,56,886,1800,49.25
L011,57,1062,1800,59.03
L011,58,927,1800,51.53
L011,59,872,1800,48.46
L011,60,808,1800,44.92
L011,61,788,1800,43.8
L011,62,792,1800,44.02
L011,63,830,1800,46.15
L011,64,1021,1800,56.75
L011,65,959,1800,53.32
L011,66,1073,1800,59.65
L011,67,955,1800,53.08
L011,68,805,1800,44.75
L011,69,824,1800,45.81
L011,70,793,1800,44.07
L011,71,690,1800,38.36
L011,72,279,1800,15.52
L011,73,244,1800,13.61
L011,74,269,1800,14.95
L011,75,342,1800,19.02
L011,76,397,1800,22.11
L011,77,775,1800,43.11
L011,78,781,1800,43.41
L011,79,735,1800,40.84
L011,80,864,1800,48.03
L011,81,964,1800,53.57
L011,82,941,1800,52.31
L011,83,810,1800,45.01
L011,84,706,1800,39.24
L011,85,610,1800,33.9
L011,86,710,1800,39.47
L011,87,733,1800,40.74
L011,88,800,1800,44.47
L011,89,816,1800,45.38
L011,90,963,1800,53.54
L011,91,1000,1800,55.6
L011,92,911,1800,50.66
L011,93,733,1800,40.73
L011,94,653,1800,36.31
L011,95,652,1800,36.27
L011,96,281,1800,15.65
L011,97,337,1800,18.75
L011,98,369,1800,20.53
L011,99,411,1800,22.85
L011,100,394,1800,21.93
L011,101,862,1800,47.9
L011,102,948,1800,52.69
L011,103,887,1800,49.28
L011,104,850,1800,47.22
L011,105,1093,1800,60.77
L011,106,986,1800,54.83
L011,107,795,1800,44.17
L011,108,789,1800,43.84
L011,109,664,1800,36.93
L011,110,697,1800,38.77
L011,111,743,1800,41.33
L011,112,784,1800,43.6
L011,113,1018,1800,56.61
L011,114,1070,1800,59.49
L011,115,919,1800,51.08
L011,116,848,1800,47.15
L011,117,771,1800,42.87
L011,118,721,1800,40.09
L011,119,665,1800,36.96
L011,120,329,1800,18.28
L011,121,234,1800,13.05
L011,122,284,1800,15.78
L011,123,219,1800,12.22
L011,124,296,1800,16.46
L011,125,642,1800,35.69
L011,126,634,1800,35.24
L011,127,825,1800,45.87
L011,128,829,1800,46.1
L011,129,860,1800,47.82
L011,130,867,1800,48.19
L011,131,827,1800,45.98
L011,132,667,1800,37.11
L011,133,675,1800,37.54
L011,134,707,1800,39.28
L011,135,781,1800,43.43
L011,136,853,1800,47.43
L011,137,916,1800,50.89
L011,138,932,1800,51.78
L011,139,933,1800,51.89
L011,140,803,1800,44.65
L011,141,635,1800,35.3
L011,142,694,1800,38.6
L011,143,670,1800,37.23
L011,144,178,1800,9.92
L012,0,216,1800,12.04
L012,1,281,1800,15.63
L012,2,338,1800,18.81
L012,3,259,1800,14.39
L012,4,233,1800,12.98
L012,5,602,1800,33.46
L012,6,718,1800,39.92
L012,7,719,1800,39.98
L012,8,793,1800,44.06
L012,9,839,1800,46.64
L012,10,787,1800,43.76
L012,11,752,1800,41.82
L012,12,738,1800,41.02
L012,13,651,1800,36.22
L012,14,645,1800,35.89
L012,15,708,1800,39.37
L012,16,750,1800,41.7
L012,17,931,1800,51.74
L012,18,927,1800,51.53
L012,19,889,1800,49.4
L012,20,1084,1800,60.25
L012,21,857,1800,47.66
L012,22,729,1800,40.52
L012,23,691,1800,38.41
L012,24,348,1800,19.36
L012,25,311,1800,17.29
L012,26,261,1800,14.5
L012,27,322,1800,17.92
L012,28,285,1800,15.87
L012,29,761,1800,42.3
L012,30,818,1800,45.48
L012,31,727,1800,40.42
L012,32,875,1800,48.64
L012,33,1015,1800,56.42
L012,34,934,1800,51.92
L012,35,804,1800,44.67
L012,36,658,1800,36.58
L012,37,613,1800,34.09
L012,38,696,1800,38.71
L012,39,706,1800,39.27
L012,40,796,1800,44.25
L012,41,858,1800,47.7
L012,42,947,1800,52.63
L012,43,978,1800,54.33
L012,44,769,1800,42.76
L012,45,717,1800,39.88
L012,46,699,1800,38.84
L012,47,596,1800,33.17
L012,48,274,1800,15.26
L012,49,217,1800,12.08
L012,50,284,1800,15.81
L012,51,274,1800,15.26
L012,52,343,1800,19.11
L012,53,722,1800,40.16
L012,54,862,1800,47.89
L012,55,768,1800,42.68
L012,56,837,1800,46.54
L012,57,998,1800,55.45
L012,58,875,1800,48.66
L012,59,792,1800,44.05
L012,60,801,1800,44.54
L012,61,762,1800,42.36
L012,62,832,1800,46.25
L012,63,824,1800,45.8
L012,64,1029,1800,57.2
L012,65,982,1800,54.59
L012,66,974,1800,54.16
L012,67,812,1800,45.13
L012,68,787,1800,43.77
L012,69,768,1800,42.68
L012,70,709,1800,39.44
L012,71,593,1800,32.98
L012,72,252,1800,14.05
L012,73,300,1800,16.71
L012,74,290,1800,16.12
L012,75,274,1800,15.24
L012,76,293,1800,16.3
L012,77,665,1800,36.95
L012,78,729,1800,40.55
L012,79,809,1800,44.96
L012,80,812,1800,45.11
L012,81,1048,1800,58.24
L012,82,954,1800,53.05
L012,83,821,1800,45.63
L012,84,673,1800,37.41
L012,85,655,1800,36.4
L012,86,654,1800,36.39
L012,87,684,1800,38.02
L012,88,825,1800,45.85
L012,89,849,1800,47.21
L012,90,977,1800,54.31
L012,91,877,1800,48.77
L012,92,819,1800,45.55
L012,93,728,1800,40.45
L012,94,633,1800,35.17
L012,95,623,1800,34.63
L012,96,284,1800,15.79
L012,97,341,1800,19.0
L012,98,267,1800,14.87
L012,99,349,1800,19.42
L012,100,457,1800,25.4
L012,101,790,1800,43.9
L012,102,916,1800,50.89
L012,103,899,1800,49.99
L012,104,831,1800,46.22
L012,105,1058,1800,58.83
L012,106,935,1800,52.0
L012,107,817,1800,45.43
L012,108,739,1800,41.1
L012,109,657,1800,36.53
L012,110,654,1800,36.38
L012,111,765,1800,42.56
L012,112,921,1800,51.22
L012,113,944,1800,52.47
L012,114,968,1800,53.82
L012,115,940,1800,52.23
L012,116,807,1800,44.84
L012,117,630,1800,35.05
L012,118,782,1800,43.49
L012,119,630,1800,35.05
L012,120,278,1800,15.48
L012,121,282,1800,15.69
L012,122,264,1800,14.7
L012,123,286,1800,15.91
L012,124,245,1800,13.62
L012,125,629,1800,34.99
L012,126,653,1800,36.32
L012,127,774,1800,43.03
L012,128,849,1800,47.17
L012,129,821,1800,45.65
L012,130,868,1800,48.24
L012,131,726,1800,40.37
L012,132,705,1800,39.22
L012,133,653,1800,36.32
L012,134,728,1800,40.48
L012,135,711,1800,39.52
L012,136,798,1800,44.37
L012,137,895,1800,49.76
L012,138,918,1800,51.03
L012,139,928,1800,51.56
L012,140,747,1800,41.55
L012,141,675,1800,37.51
L012,142,600,1800,33.39
L012,143,637,1800,35.43
L012,144,324,1800,18.03
L013,0,371,3000,12.37
L013,1,366,3000,12.23
L013,2,383,3000,12.77
L013,3,457,3000,15.24
L013,4,326,3000,10.88
L013,5,920,3000,30.69
L013,6,1060,3000,35.34
L013,7,1164,3000,38.81
L013,8,1276,3000,42.54
L013,9,1386,3000,46.21
L013,10,1086,3000,36.21
L013,11,1180,3000,39.34
L013,12,969,3000,32.3
L013,13,833,3000,27.78
L013,14,1015,3000,33.87
L013,15,1179,3000,39.33
L013,16,1234,3000,41.14
L013,17,1445,3000,48.2
L013,18,1546,3000,51.55
L013,19,1469,3000,48.99
L013,20,1574,3000,52.47
L013,21,1328,3000,44.27
L013,22,1139,3000,37.97
L013,23,943,3000,31.45
L013,24,429,3000,14.33
L013,25,396,3000,13.22
L013,26,614,3000,20.48
L013,27,415,3000,13.84
L013,28,478,3000,15.95
L013,29,1070,3000,35.69
L013,30,1184,3000,39.5
L013,31,1243,3000,41.43
L013,32,1222,3000,40.75
L013,33,1590,3000,53.0
L013,34,1341,3000,44.71
L013,35,1110,3000,37.0
L013,36,1002,3000,33.4
L013,37,951,3000,31.73
L013,38,953,3000,31.8
L013,39,1043,3000,34.79
L013,40,1150,3000,38.35
L013,41,1377,3000,45.92
L013,42,1340,3000,44.69
L013,43,1433,3000,47.77
L013,44,1247,3000,41.59
L013,45,987,3000,32.92
L013,46,940,3000,31.36
L013,47,839,3000,27.99
L013,48,399,3000,13.3
L013,49,470,3000,15.7
L013,50,272,3000,9.08
L013,51,427,3000,14.26
L013,52,447,3000,14.92
L013,53,1059,3000,35.32
L013,54,1168,3000,38.96
L013,55,1081,3000,36.05
L013,56,1242,3000,41.42
L013,57,1487,3000,49.57
L013,58,1443,3000,48.1
L013,59,1189,3000,39.65
L013,60,1350,3000,45.01
L013,61,1124,3000,37.49
L013,62,1122,3000,37.43
L013,63,1209,3000,40.32
L013,64,1390,3000,46.36
L013,65,1335,3000,44.5
L013,66,1539,3000,51.3
L013,67,1416,3000,47.22
L013,68,1137,3000,37.93
L013,69,1143,3000,38.1
L013,70,1041,3000,34.72
L013,71,953,3000,31.8
L013,72,511,3000,17.05
L013,73,455,3000,15.17
L013,74,379,3000,12.66
L013,75,364,3000,12.14
L013,76,321,3000,10.71
L013,77,975,3000,32.53
L013,78,1152,3000,38.42
L013,79,1065,3000,35.53
L013,80,1254,3000,41.83
L013,81,1560,3000,52.03
L013,82,1365,3000,45.5
L013,83,1149,3000,38.31
L013,84,1051,3000,35.03
L013,85,983,3000,32.78
L013,86,910,3000,30.34
L013,87,1182,3000,39.41
L013,88,1236,3000,41.22
L013,89,1384,3000,46.14
L013,90,1486,3000,49.56
L013,91,1398,3000,46.61
L013,92,1305,3000,43.5
L013,93,1102,3000,36.76
L013,94,920,3000,30.69
L013,95,913,3000,30.44
L013,96,370,3000,12.35
L013,97,460,3000,15.36
L013,98,473,3000,15.8
L013,99,501,3000,16.72
L013,100,566,3000,18.89
L013,101,1127,3000,37.6
L013,102,1404,3000,46.81
L013,103,1340,3000,44.7
L013,104,1274,3000,42.47
L013,105,1562,3000,52.1
L013,106,1500,3000,50.01
L013,107,1152,3000,38.43
L013,108,1112,3000,37.09
L013,109,985,3000,32.87
L013,110,953,3000,31.79
L013,111,1238,3000,41.28
L013,112,1221,3000,40.71
L013,113,1532,3000,51.09
L013,114,1634,3000,54.47
L013,115,1338,3000,44.62
L013,116,1334,3000,44.47
L013,117,1067,3000,35.58
L013,118,1156,3000,38.56
L013,119,992,3000,33.1
L013,120,411,3000,13.72
L013,121,452,3000,15.08
L013,122,430,3000,14.36
L013,123,264,3000,8.83
L013,124,473,3000,15.79
L013,125,795,3000,26.51
L013,126,1063,3000,35.47
L013,127,1205,3000,40.18
L013,128,1191,3000,39.72
L013,129,1293,3000,43.1
L013,130,1191,3000,39.72
L013,131,1121,3000,37.38
L013,132,991,3000,33.06
L013,133,1005,3000,33.52
L013,134,1068,3000,35.62
L013,135,1181,3000,39.38
L013,136,1206,3000,40.2
L013,137,1369,3000,45.64
L013,138,1328,3000,44.3
L013,139,1329,3000,44.32
L013,140,1305,3000,43.53
L013,141,1190,3000,39.69
L013,142,879,3000,29.32
L013,143,850,3000,28.34
L013,144,376,3000,12.54
L014,0,155,1200,12.95
L014,1,126,1200,10.55
L014,2,159,1200,13.28
L014,3,136,1200,11.37
L014,4,151,1200,12.61
L014,5,369,1200,30.77
L014,6,391,1200,32.61
L014,7,433,1200,36.14
L014,8,495,1200,41.28
L014,9,518,1200,43.21
L014,10,488,1200,40.74
L014,11,440,1200,36.68
L014,12,439,1200,36.66
L014,13,389,1200,32.44
L014,14,377,1200,31.49
L014,15,446,1200,37.24
L014,16,481,1200,40.11
L014,17,576,1200,48.08
L014,18,578,1200,48.21
L014,19,543,1200,45.26
L014,20,589,1200,49.14
L014,21,461,1200,38.47
L014,22,415,1200,34.62
L014,23,379,1200,31.64
L014,24,178,1200,14.86
L014,25,222,1200,18.57
L014,26,243,1200,20.29
L014,27,184,1200,15.37
L014,28,198,1200,16.52
L014,29,359,1200,29.93
L014,30,451,1200,37.63
L014,31,424,1200,35.37
L014,32,481,1200,40.15
L014,33,619,1200,51.64
L014,34,536,1200,44.73
L014,35,419,1200,34.96
L014,36,429,1200,35.8
L014,37,346,1200,28.85
L014,38,392,1200,32.67
L014,39,483,1200,40.27
L014,40,465,1200,38.82
L014,41,479,1200,39.94
L014,42,561,1200,46.77
L014,43,575,1200,47.92
L014,44,541,1200,45.11
L014,45,393,1200,32.83
L014,46,390,1200,32.53
L014,47,336,1200,28.02
L014,48,145,1200,12.1
L014,49,219,1200,18.3
L014,50,115,1200,9.63
L014,51,171,1200,14.3
L014,52,192,1200,16.04
L014,53,427,1200,35.65
L014,54,457,1200,38.13
L014,55,453,1200,37.78
L014,56,487,1200,40.66
L014,57,616,1200,51.35
L014,58,532,1200,44.4
L014,59,484,1200,40.38
L014,60,471,1200,39.31
L014,61,452,1200,37.74
L014,62,458,1200,38.22
L014,63,545,1200,45.42
L014,64,594,1200,49.51
L014,65,521,1200,43.49
L014,66,634,1200,52.9
L014,67,522,1200,43.5
L014,68,472,1200,39.37
L014,69,410,1200,34.22
L014,70,458,1200,38.23
L014,71,314,1200,26.19
L014,72,241,1200,20.14
L014,73,183,1200,15.26
L014,74,161,1200,13.47
L014,75,164,1200,13.72
L014,76,189,1200,15.81
L014,77,416,1200,34.68
L014,78,476,1200,39.72
L014,79,459,1200,38.33
L014,80,500,1200,41.72
L014,81,610,1200,50.86
L014,82,540,1200,45.08
L014,83,464,1200,38.71
L014,84,438,1200,36.56
L014,85,390,1200,32.51
L014,86,308,1200,25.67
L014,87,445,1200,37.15
L014,88,495,1200,41.27
L014,89,545,1200,45.46
L014,90,558,1200,46.55
L014,91,575,1200,47.97
L014,92,514,1200,42.89
L014,93,405,1200,33.83
L014,94,388,1200,32.33
L014,95,322,1200,26.9
L014,96,138,1200,11.51
L014,97,161,1200,13.42
L014,98,209,1200,17.45
L014,99,227,1200,18.96
L014,100,239,1200,20.0
L014,101,511,1200,42.65
L014,102,581,1200,48.48
L014,103,508,1200,42.37
L014,104,509,1200,42.47
L014,105,666,1200,55.56
L014,106,579,1200,48.3
L014,107,508,1200,42.36
L014,108,431,1200,35.92
L014,109,385,1200,32.1
L014,110,419,1200,34.97
L014,111,440,1200,36.72
L014,112,489,1200,40.8
L014,113,577,1200,48.12
L014,114,600,1200,50.04
L014,115,528,1200,44.01
L014,116,485,1200,40.49
L014,117,405,1200,33.79
L014,118,440,1200,36.67
L014,119,333,1200,27.77
L014,120,170,1200,14.22
L014,121,156,1200,13.03
L014,122,126,1200,10.55
L014,123,166,1200,13.86
L014,124,176,1200,14.71
L014,125,312,1200,26.03
L014,126,370,1200,30.92
L014,127,424,1200,35.41
L014,128,473,1200,39.45
L014,129,542,1200,45.23
L014,130,493,1200,41.13
L014,131,440,1200,36.67
L014,132,344,1200,28.73
L014,133,391,1200,32.6
L014,134,352,1200,29.41
L014,135,430,1200,35.84
L014,136,497,1200,41.45
L014,137,581,1200,48.5
L014,138,534,1200,44.52
L014,139,466,1200,38.85
L014,140,494,1200,41.21
L014,141,473,1200,39.49
L014,142,409,1200,34.16
L014,143,354,1200,29.5
L014,144,134,1200,11.25
L015,0,431,3000,14.38
L015,1,313,3000,10.46
L015,2,409,3000,13.66
L015,3,413,3000,13.79
L015,4,457,3000,15.25
L015,5,1087,3000,36.24
L015,6,1021,3000,34.06
L015,7,1097,3000,36.58
L015,8,1261,3000,42.06
L015,9,1203,3000,40.11
L015,10,1218,3000,40.62
L015,11,1108,3000,36.95
L015,12,977,3000,32.59
L015,13,964,3000,32.14
L015,14,927,3000,30.93
L015,15,1163,3000,38.78
L015,16,1243,3000,41.44
L015,17,1382,3000,46.08
L015,18,1418,3000,47.28
L015,19,1393,3000,46.44
L015,20,1520,3000,50.67
L015,21,1221,3000,40.73
L015,22,1090,3000,36.36
L015,23,1029,3000,34.31
L015,24,357,3000,11.91
L015,25,398,3000,13.27
L015,26,439,3000,14.66
L015,27,484,3000,16.16
L015,28,487,3000,16.26
L015,29,1047,3000,34.92
L015,30,1238,3000,41.3
L015,31,1122,3000,37.4
L015,32,1289,3000,42.98
L015,33,1571,3000,52.38
L015,34,1408,3000,46.95
L015,35,1158,3000,38.63
L015,36,881,3000,29.38
L015,37,945,3000,31.51
L015,38,1076,3000,35.87
L015,39,1150,3000,38.35
L015,40,1306,3000,43.57
L015,41,1464,3000,48.82
L015,42,1445,3000,48.2
L015,43,1395,3000,46.53
L015,44,1201,3000,40.05
L015,45,1063,3000,35.44
L015,46,1001,3000,33.39
L015,47,968,3000,32.29
L015,48,368,3000,12.29
L015,49,352,3000,11.76
L015,50,396,3000,13.21
L015,51,459,3000,15.33
L015,52,363,3000,12.1
L015,53,864,3000,28.81
L015,54,1119,3000,37.3
L015,55,1050,3000,35.02
L015,56,1230,3000,41.0
L015,57,1530,3000,51.03
L015,58,1342,3000,44.75
L015,59,1284,3000,42.81
L015,60,1246,3000,41.55
L015,61,1148,3000,38.28
L015,62,1210,3000,40.36
L015,63,1234,3000,41.14
L015,64,1578,3000,52.62
L015,65,1434,3000,47.83
L015,66,1566,3000,52.2
L015,67,1312,3000,43.74
L015,68,1139,3000,37.99
L015,69,1137,3000,37.93
L015,70,1098,3000,36.63
L015,71,884,3000,29.5
L015,72,347,3000,11.59
L015,73,470,3000,15.68
L015,74,319,3000,10.63
L015,75,531,3000,17.72
L015,76,404,3000,13.47
L015,77,1066,3000,35.54
L015,78,1145,3000,38.18
L015,79,1170,3000,39.03
L015,80,1227,3000,40.92
L015,81,1546,3000,51.53
L015,82,1383,3000,46.1
L015,83,1126,3000,37.54
L015,84,1088,3000,36.3
L015,85,920,3000,30.68
L015,86,967,3000,32.24
L015,87,1023,3000,34.12
L015,88,1074,3000,35.8
L015,89,1370,3000,45.68
L015,90,1599,3000,53.31
L015,91,1434,3000,47.82
L015,92,1240,3000,41.36
L015,93,1066,3000,35.55
L015,94,962,3000,32.09
L015,95,925,3000,30.85
L015,96,368,3000,12.27
L015,97,527,3000,17.57
L015,98,523,3000,17.45
L015,99,562,3000,18.76
L015,100,604,3000,20.15
L015,101,1254,3000,41.81
L015,102,1485,3000,49.53
L015,103,1373,3000,45.79
L015,104,1240,3000,41.34
L015,105,1594,3000,53.14
L015,106,1423,3000,47.47
L015,107,1312,3000,43.75
L015,108,967,3000,32.23
L015,109,860,3000,28.7
L015,110,1007,3000,33.58
L015,111,1124,3000,37.49
L015,112,1311,3000,43.73
L015,113,1488,3000,49.61
L015,114,1553,3000,51.79
L015,115,1481,3000,49.37
L015,116,1136,3000,37.88
L015,117,1029,3000,34.31
L015,118,1131,3000,37.73
L015,119,867,3000,28.92
L015,120,408,3000,13.63
L015,121,508,3000,16.95
L015,122,379,3000,12.66
L015,123,395,3000,13.19
L015,124,304,3000,10.14
L015,125,864,3000,28.81
L015,126,971,3000,32.37
L015,127,1110,3000,37.01
L015,128,1348,3000,44.94
L015,129,1356,3000,45.23
L015,130,1191,3000,39.71
L015,131,1151,3000,38.4
L015,132,1045,3000,34.84
L015,133,1029,3000,34.32
L015,134,1086,3000,36.22
L015,135,1022,3000,34.08
L015,136,1189,3000,39.66
L015,137,1300,3000,43.34
L015,138,1424,3000,47.49
L015,139,1413,3000,47.12
L015,140,1307,3000,43.58
L015,141,1078,3000,35.96
L015,142,940,3000,31.33
L015,143,899,3000,29.98
L015,144,322,3000,10.76
L016,0,404,2400,16.84
L016,1,208,2400,8.71
L016,2,303,2400,12.66
L016,3,402,2400,16.77
L016,4,301,2400,12.57
L016,5,694,2400,28.95
L016,6,758,2400,31.61
L016,7,876,2400,36.51
L016,8,1064,2400,44.34
L016,9,920,2400,38.34
L016,10,1073,2400,44.73
L016,11,814,2400,33.92
L016,12,776,2400,32.35
L016,13,721,2400,30.06
L016,14,797,2400,33.24
L016,15,767,2400,31.99
L016,16,999,2400,41.66
L016,17,1194,2400,49.76
L016,18,1060,2400,44.2
L016,19,1097,2400,45.71
L016,20,1115,2400,46.46
L016,21,1023,2400,42.63
L016,22,885,2400,36.9
L016,23,782,2400,32.62
L016,24,372,2400,15.52
L016,25,446,2400,18.62
L016,26,356,2400,14.86
L016,27,371,2400,15.46
L016,28,299,2400,12.48
L016,29,758,2400,31.59
L016,30,951,2400,39.66
L016,31,964,2400,40.17
L016,32,1010,2400,42.1
L016,33,1226,2400,51.12
L016,34,1093,2400,45.56
L016,35,872,2400,36.36
L016,36,846,2400,35.28
L016,37,790,2400,32.95
L016,38,742,2400,30.95
L016,39,827,2400,34.48
L016,40,989,2400,41.23
L016,41,1064,2400,44.34
L016,42,1129,2400,47.06
L016,43,1197,2400,49.92
L016,44,961,2400,40.06
L016,45,829,2400,34.54
L016,46,715,2400,29.81
L016,47,731,2400,30.48
L016,48,284,2400,11.84
L016,49,263,2400,10.96
L016,50,378,2400,15.75
L016,51,402,2400,16.77
L016,52,326,2400,13.6
L016,53,694,2400,28.95
L016,54,958,2400,39.93
L016,55,849,2400,35.4
L016,56,1033,2400,43.06
L016,57,1109,2400,46.22
L016,58,1125,2400,46.91
L016,59,867,2400,36.15
L016,60,995,2400,41.5
L016,61,881,2400,36.71
L016,62,862,2400,35.95
L016,63,1003,2400,41.81
L016,64,1221,2400,50.9
L016,65,1138,2400,47.43
L016,66,1229,2400,51.21
L016,67,1191,2400,49.64
L016,68,891,2400,37.17
L016,69,933,2400,38.89
L016,70,845,2400,35.23
L016,71,688,2400,28.71
L016,72,245,2400,10.22
L016,73,298,2400,12.43
L016,74,358,2400,14.92
L016,75,323,2400,13.47
L016,76,442,2400,18.42
L016,77,723,2400,30.14
L016,78,913,2400,38.08
L016,79,819,2400,34.15
L016,80,1010,2400,42.12
L016,81,1273,2400,53.04
L016,82,1062,2400,44.29
L016,83,797,2400,33.21
L016,84,823,2400,34.3
L016,85,767,2400,31.97
L016,86,787,2400,32.83
L016,87,917,2400,38.23
L016,88,918,2400,38.29
L016,89,1123,2400,46.8
L016,90,1195,2400,49.82
L016,91,993,2400,41.38
L016,92,991,2400,41.31
L016,93,821,2400,34.22
L016,94,745,2400,31.06
L016,95,710,2400,29.61
L016,96,320,2400,13.37
L016,97,316,2400,13.21
L016,98,372,2400,15.52
L016,99,344,2400,14.37
L016,100,393,2400,16.38
L016,101,1015,2400,42.31
L016,102,1069,2400,44.58
L016,103,1080,2400,45.01
L016,104,1016,2400,42.34
L016,105,1195,2400,49.8
L016,106,1078,2400,44.95
L016,107,1012,2400,42.17
L016,108,768,2400,32.0
L016,109,722,2400,30.1
L016,110,802,2400,33.43
L016,111,919,2400,38.3
L016,112,1007,2400,41.99
L016,113,1127,2400,46.96
L016,114,1310,2400,54.61
L016,115,1178,2400,49.12
L016,116,1026,2400,42.76
L016,117,852,2400,35.52
L016,118,848,2400,35.37
L016,119,717,2400,29.91
L016,120,355,2400,14.81
L016,121,332,2400,13.86
L016,122,368,2400,15.34
L016,123,330,2400,13.75
L016,124,221,2400,9.25
L016,125,760,2400,31.68
L016,126,724,2400,30.2
L016,127,865,2400,36.06
L016,128,1004,2400,41.87
L016,129,1142,2400,47.6
L016,130,1156,2400,48.2
L016,131,921,2400,38.39
L016,132,780,2400,32.54
L016,133,772,2400,32.18
L016,134,813,2400,33.89
L016,135,835,2400,34.8
L016,136,1070,2400,44.59
L016,137,1099,2400,45.81
L016,138,1159,2400,48.3
L016,139,1122,2400,46.76
L016,140,996,2400,41.53
L016,141,892,2400,37.18
L016,142,717,2400,29.88
L016,143,662,2400,27.61
L016,144,235,2400,9.82
L017,0,249,1800,13.84
L017,1,262,1800,14.59
L017,2,250,1800,13.89
L017,3,299,1800,16.63
L017,4,237,1800,13.17
L017,5,580,1800,32.24
L017,6,565,1800,31.39
L017,7,674,1800,37.45
L017,8,796,1800,44.25
L017,9,836,1800,46.47
L017,10,757,1800,42.11
L017,11,689,1800,38.3
L017,12,558,1800,31.0
L017,13,569,1800,31.62
L017,14,635,1800,35.3
L017,15,687,1800,38.17
L017,16,776,1800,43.14
L017,17,842,1800,46.81
L017,18,875,1800,48.62
L017,19,814,1800,45.24
L017,20,919,1800,51.1
L017,21,796,1800,44.27
L017,22,712,1800,39.6
L017,23,621,1800,34.53
L017,24,188,1800,10.45
L017,25,317,1800,17.66
L017,26,258,1800,14.37
L017,27,206,1800,11.46
L017,28,277,1800,15.44
L017,29,558,1800,31.04
L017,30,679,1800,37.76
L017,31,713,1800,39.66
L017,32,796,1800,44.22
L017,33,789,1800,43.86
L017,34,837,1800,46.52
L017,35,712,1800,39.57
L017,36,608,1800,33.79
L017,37,589,1800,32.72
L017,38,529,1800,29.43
L017,39,680,1800,37.81
L017,40,715,1800,39.78
L017,41,787,1800,43.73
L017,42,814,1800,45.25
L017,43,884,1800,49.14
L017,44,731,1800,40.62
L017,45,721,1800,40.11
L017,46,566,1800,31.46
L017,47,476,1800,26.49
L017,48,187,1800,10.41
L017,49,281,1800,15.63
L017,50,228,1800,12.7
L017,51,217,1800,12.09
L017,52,254,1800,14.16
L017,53,591,1800,32.84
L017,54,677,1800,37.65
L017,55,746,1800,41.49
L017,56,754,1800,41.93
L017,57,785,1800,43.61
L017,58,770,1800,42.79
L017,59,710,1800,39.49
L017,60,696,1800,38.67
L017,61,650,1800,36.16
L017,62,723,1800,40.19
L017,63,785,1800,43.66
L017,64,901,1800,50.06
L017,65,819,1800,45.53
L017,66,878,1800,48.81
L017,67,803,1800,44.66
L017,68,791,1800,43.96
L017,69,702,1800,39.01
L017,70,532,1800,29.56
L017,71,516,1800,28.68
L017,72,176,1800,9.81
L017,73,208,1800,11.6
L017,74,231,1800,12.87
L017,75,182,1800,10.13
L017,76,212,1800,11.82
L017,77,532,1800,29.6
L017,78,643,1800,35.75
L017,79,692,1800,38.46
L017,80,740,1800,41.13
L017,81,847,1800,47.06
L017,82,766,1800,42.56
L017,83,690,1800,38.35
L017,84,688,1800,38.27
L017,85,636,1800,35.36
L017,86,548,1800,30.48
L017,87,697,1800,38.73
L017,88,788,1800,43.83
L017,89,795,1800,44.18
L017,90,907,1800,50.4
L017,91,901,1800,50.08
L017,92,711,1800,39.54
L017,93,624,1800,34.71
L017,94,627,1800,34.88
L017,95,555,1800,30.84
L017,96,295,1800,16.4
L017,97,288,1800,16.0
L017,98,293,1800,16.32
L017,99,233,1800,12.94
L017,100,340,1800,18.9
L017,101,728,1800,40.49
L017,102,750,1800,41.7
L017,103,811,1800,45.1
L017,104,708,1800,39.35
L017,105,872,1800,48.46
L017,106,816,1800,45.35
L017,107,701,1800,38.97
L017,108,668,1800,37.13
L017,109,570,1800,31.7
L017,110,624,1800,34.71
L017,111,629,1800,34.95
L017,112,764,1800,42.49
L017,113,847,1800,47.1
L017,114,903,1800,50.22
L017,115,825,1800,45.88
L017,116,750,1800,41.72
L017,117,693,1800,38.55
L017,118,598,1800,33.23
L017,119,494,1800,27.47
L017,120,307,1800,17.09
L017,121,289,1800,16.09
L017,122,180,1800,10.04
L017,123,260,1800,14.47
L017,124,217,1800,12.08
L017,125,564,1800,31.35
L017,126,619,1800,34.44
L017,127,680,1800,37.79
L017,128,737,1800,41.0
L017,129,775,1800,43.09
L017,130,733,1800,40.74
L017,131,659,1800,36.62
L017,132,615,1800,34.19
L017,133,554,1800,30.83
L017,134,627,1800,34.84
L017,135,723,1800,40.18
L017,136,733,1800,40.77
L017,137,850,1800,47.23
L017,138,894,1800,49.7
L017,139,859,1800,47.74
L017,140,759,1800,42.17
L017,141,690,1800,38.37
L017,142,606,1800,33.7
L017,143,495,1800,27.52
L017,144,266,1800,14.78
