link_id,from_zone,to_zone,mode,capacity_per_hour,serves_venue,base_load,proximity
L001,Z01,Z02,metro,1800,1,0.391,1.0
L002,Z01,Z03,metro,1800,1,0.42,1.0
L003,Z01,Z04,shuttle,3000,1,0.351,1.0
L004,Z01,Z05,shuttle,2400,1,0.433,1.0
L005,Z01,Z06,metro,1800,1,0.418,1.0
L006,Z01,Z07,bus,2400,1,0.342,1.0
L007,Z01,Z08,bus,1200,1,0.333,1.0
L008,Z01,Z09,metro,2400,1,0.439,1.0
L009,Z01,Z10,shuttle,2400,1,0.433,1.0
L010,Z03,Z06,metro,2400,0,0.413,0.72
L011,Z04,Z06,bus,1800,0,0.336,0.513
L012,Z04,Z09,shuttle,1800,0,0.317,0.513
L013,Z04,Z10,bus,3000,0,0.28,0.513
L014,Z05,Z08,bus,1200,0,0.274,0.515
L015,Z05,Z09,bus,3000,0,0.28,0.515
L016,Z05,Z10,shuttle,2400,0,0.272,0.515
L017,Z06,Z10,metro,1800,0,0.286,0.135
