hour_offset,is_raining,temp_c
0,0,28.0
1,0,29.0
2,0,30.0
3,0,30.8
4,0,31.5
5,0,31.9
6,0,32.0
7,0,31.9
8,0,31.5
9,0,30.8
10,0,30.0
11,0,29.0
12,0,28.0
13,0,27.0
14,0,26.0
15,0,25.2
16,0,24.5
17,0,24.1
18,0,24.0
19,0,24.1
20,1,20.5
21,1,21.2
22,1,22.0
23,1,23.0
24,1,24.0
25,1,25.0
26,1,26.0
27,0,30.8
28,0,31.5
29,0,31.9
30,0,32.0
31,0,31.9
32,0,31.5
33,0,30.8
34,0,30.0
35,0,29.0
36,0,28.0
37,0,27.0
38,0,26.0
39,0,25.2
40,0,24.5
41,0,24.1
42,0,24.0
43,0,24.1
44,0,24.5
45,0,25.2
46,0,26.0
47,0,27.0
48,0,28.0
49,0,29.0
50,0,30.0
51,0,30.8
52,0,31.5
53,0,31.9
54,0,32.0
55,0,31.9
56,0,31.5
57,0,30.8
58,0,30.0
59,0,29.0
60,1,24.0
61,1,23.0
62,1,22.0
63,1,21.2
64,1,20.5
65,0,24.1
66,0,24.0
67,0,24.1
68,0,24.5
69,0,25.2
70,0,26.0
71,0,27.0
72,0,28.0
73,0,29.0
74,0,30.0
75,0,30.8
76,0,31.5
77,0,31.9
78,0,32.0
79,0,31.9
80,0,31.5
81,0,30.8
82,0,30.0
83,0,29.0
84,0,28.0
85,0,27.0
86,0,26.0
87,0,25.2
88,0,24.5
89,0,24.1
90,0,24.0
91,0,24.1
92,0,24.5
93,0,25.2
94,0,26.0
95,0,27.0
96,1,24.0
97,1,25.0
98,1,26.0
99,1,26.8
100,1,27.5
101,1,27.9
102,1,28.0
103,1,27.9
104,0,31.5
105,0,30.8
106,0,30.0
107,0,29.0
108,0,28.0
109,0,27.0
110,0,26.0
111,0,25.2
112,0,24.5
113,0,24.1
114,0,24.0
115,0,24.1
116,0,24.5
117,0,25.2
118,0,26.0
119,0,27.0
120,0,28.0
121,0,29.0
122,0,30.0
123,0,30.8
124,0,31.5
125,0,31.9
126,0,32.0
127,0,31.9
128,0,31.5
129,0,30.8
130,0,30.0
131,0,29.0
132,0,28.0
133,0,27.0
134,0,26.0
135,0,25.2
136,0,24.5
137,0,24.1
138,0,24.0
139,0,24.1
140,0,24.5
141,0,25.2
142,0,26.0
143,0,27.0
144,0,28.0
